,Modelo,Motor,Hardware,Tarea,Numero de Problemas,Numero de Lotes,Tamaño Batch,Precisión,Energía (kWh),Energía (J),CO2 (kg),EDP (J*s),Tokens Prompt,Tokens Generados,TTFT Medio (s),TPOT (s/token),Throughput Decode (tok/s),Throughput Total (tok/s),Inferencia Media (s),Energía (J/token gen),Cuantizacion,Attention Implementation,Speculative Decoding,Familia,Maquina
0,Qwen/Qwen2.5-Coder-3B-Instruct-GGUF/qwen2.5-coder-3b-instruct-fp16.gguf,llamacpp,cuda,humaneval,164,164,1,71.95121951219512,0.023656421454885,85163.11723758615,0.0041174001542227,38888364.03944163,51675,10549,0.1275581761104304,0.0413038517267334,24.210817107712074,136.26671982439217,2.784352882606228,8.073098610065992,f16,,,Qwen,CITIC
1,Qwen/Qwen2.5-Coder-3B-Instruct-GGUF/qwen2.5-coder-3b-instruct-fp16.gguf,llamacpp,cuda,mmlu,1140,1140,1,57.36842105263158,0.0069862225903443,25150.40132523956,0.0012159520418494,3729558.7800230384,170633,1140,0.0892519024380466,0.0408272460887306,24.49344728828097,1158.356830298754,0.1300791485267773,22.06175554845576,f16,,,Qwen,CITIC
2,Qwen/Qwen2.5-Coder-3B-Instruct-GGUF/qwen2.5-coder-3b-instruct-fp16.gguf,llamacpp,cuda,resumen,100,100,1,26.269394767388043,0.0183266301183058,65975.86842590121,0.0031897499720911,26906287.95340149,93940,8257,0.7237057614326478,0.0406260826807991,24.61472861799261,250.5933125074369,4.078201408386231,7.990295316204579,f16,,,Qwen,CITIC
3,Qwen/Qwen2.5-Coder-3B-Instruct-GGUF/qwen2.5-coder-3b-instruct-q8_0.gguf,llamacpp,cuda,humaneval,164,164,1,71.34146341463415,0.0132955010538578,47863.803793888284,0.0023140819584239,14018412.597496271,51675,10812,0.1131406121137665,0.0253723852730573,39.41292823824051,213.3526522256076,1.7858615241399625,4.426914890296733,q8_0,,,Qwen,CITIC
4,Qwen/Qwen2.5-Coder-3B-Instruct-GGUF/qwen2.5-coder-3b-instruct-q8_0.gguf,llamacpp,cuda,mmlu,1140,1140,1,57.45614035087719,0.0052507048542981,18902.53747547341,0.0009138851798905,2190173.2766337064,170633,1140,0.0765864445452104,0.0250509483772411,39.918648385723465,1482.5062493525838,0.1016373929224516,16.581173224099487,q8_0,,,Qwen,CITIC
5,Qwen/Qwen2.5-Coder-3B-Instruct-GGUF/qwen2.5-coder-3b-instruct-q8_0.gguf,llamacpp,cuda,resumen,100,100,1,26.643545213907643,0.0143901668256473,51804.60057233039,0.0025046085360039,14464858.378219103,93940,8364,0.6964243626594544,0.025057046308522,39.90893370620046,366.3926544163093,2.792195715904236,6.193759035429267,q8_0,,,Qwen,CITIC
6,Qwen/Qwen2.5-Coder-3B-Instruct-GGUF/qwen2.5-coder-3b-instruct-q6_k.gguf,llamacpp,cuda,humaneval,164,164,1,71.34146341463415,0.0194007568254959,69842.72457178555,0.0033767017254775,23503487.492561743,51675,10727,0.1306728764278132,0.029373529051383,34.04425795248173,185.43314902130425,2.051952426026507,6.510927992149301,q6_K,,,Qwen,CITIC
7,Qwen/Qwen2.5-Coder-3B-Instruct-GGUF/qwen2.5-coder-3b-instruct-q6_k.gguf,llamacpp,cuda,mmlu,1140,1140,1,57.280701754385966,0.006910305378596,24877.099362945915,0.0012027386511446,3300614.0023136577,170633,1140,0.0885690716274997,0.0278140885788097,35.95300263629175,1294.672441514179,0.1163831602063095,21.82201698504028,q6_K,,,Qwen,CITIC
8,Qwen/Qwen2.5-Coder-3B-Instruct-GGUF/qwen2.5-coder-3b-instruct-q6_k.gguf,llamacpp,cuda,resumen,100,100,1,26.4069558434618,0.0158560940108444,57081.938439039885,0.0027597531625874,18014492.45830104,93940,8215,0.7773820757865906,0.0289533601762025,34.538305533943685,323.69523786128724,3.155900614261628,6.9485013315934125,q6_K,,,Qwen,CITIC
9,Qwen/Qwen2.5-Coder-3B-Instruct-GGUF/qwen2.5-coder-3b-instruct-q5_k_m.gguf,llamacpp,cuda,humaneval,164,164,1,73.17073170731707,0.0135913998423393,48929.03943242158,0.0023655831425591,13317771.149887132,51675,10506,0.1215413590756858,0.0240103404861891,41.64872216515227,228.45088466422484,1.6596671953433897,4.657247233240204,q5_K_M,,,Qwen,CITIC
10,Qwen/Qwen2.5-Coder-3B-Instruct-GGUF/qwen2.5-coder-3b-instruct-q5_k_m.gguf,llamacpp,cuda,mmlu,1140,1140,1,57.45614035087719,0.0056963505618994,20506.86202283808,0.0009914498152986,2454698.486040868,170633,1140,0.082131776893348,0.0228693824065359,43.72658527561319,1435.0133958530985,0.1050011592998839,17.988475458629896,q5_K_M,,,Qwen,CITIC
11,Qwen/Qwen2.5-Coder-3B-Instruct-GGUF/qwen2.5-coder-3b-instruct-q5_k_m.gguf,llamacpp,cuda,resumen,100,100,1,25.9517457223035,0.0124987942617753,44995.65934239117,0.0021754151412619,12823511.903489798,93940,8918,0.7372151374816894,0.0236906153547787,42.21080731861545,360.9123275645075,2.849944214820862,5.045487703789097,q5_K_M,,,Qwen,CITIC
12,Qwen/Qwen2.5-Coder-3B-Instruct-GGUF/qwen2.5-coder-3b-instruct-q4_k_m.gguf,llamacpp,cuda,humaneval,164,164,1,67.07317073170732,0.0105592666551607,38013.359958578585,0.0018378403613307,9100469.323587395,51675,9712,0.118325304694292,0.0226520301138942,44.14615356645775,256.41821809442564,1.459767478268321,3.914060951253973,q4_K_M,,,Qwen,CITIC
13,Qwen/Qwen2.5-Coder-3B-Instruct-GGUF/qwen2.5-coder-3b-instruct-q4_k_m.gguf,llamacpp,cuda,mmlu,1140,1140,1,57.45614035087719,0.0052631212963733,18947.236666944016,0.0009160462616337,2186682.086714829,170633,1140,0.0794953542843199,0.0217406314716004,45.99682402538717,1488.3844815688649,0.1012359857559204,16.62038304117896,q4_K_M,,,Qwen,CITIC
14,Qwen/Qwen2.5-Coder-3B-Instruct-GGUF/qwen2.5-coder-3b-instruct-q4_k_m.gguf,llamacpp,cuda,resumen,100,100,1,26.11662684461922,0.0146026165590594,52569.41961261385,0.0025415854121042,14494184.61795566,93940,9046,0.721693422794342,0.0225011930775647,44.442087872979,373.5232019549271,2.7571513485908508,5.8113441977242815,q4_K_M,,,Qwen,CITIC
15,Qwen/Qwen2.5-Coder-3B-Instruct-GGUF/qwen2.5-coder-3b-instruct-q3_k_m.gguf,llamacpp,cuda,humaneval,164,164,1,46.95121951219512,0.0142442026673122,51279.12960232409,0.0024792034742456,16298215.6975657,51675,10168,0.1247135139093166,0.0292466854505141,34.191908744394865,194.576834105232,1.9380080118411924,5.043187411715587,q3_K_M,,,Qwen,CITIC
16,Qwen/Qwen2.5-Coder-3B-Instruct-GGUF/qwen2.5-coder-3b-instruct-q3_k_m.gguf,llamacpp,cuda,mmlu,1140,1140,1,55.52631578947368,0.0073129165101234,26326.499436444497,0.0012728131185869,3434210.8641363606,170633,1140,0.0851929300709774,0.0292341960103888,34.2065162197255,1316.8037626698338,0.1144271260813662,23.093420558284645,q3_K_M,,,Qwen,CITIC
17,Qwen/Qwen2.5-Coder-3B-Instruct-GGUF/qwen2.5-coder-3b-instruct-q3_k_m.gguf,llamacpp,cuda,resumen,100,100,1,24.561929740261736,0.0224582033001383,80849.53188049803,0.003908850284389,32326750.56215911,93940,11100,0.7594830226898194,0.0291792915318463,34.27088004890723,262.706108131652,3.998384382724762,7.283741610855679,q3_K_M,,,Qwen,CITIC
18,Qwen/Qwen2.5-Coder-3B-Instruct-GGUF/qwen2.5-coder-3b-instruct-q2_k.gguf,llamacpp,cuda,humaneval,164,164,1,50.0,0.0149946194394329,53980.62998195869,0.0026098135134333,14421930.553624395,51675,9604,0.146300304226759,0.0253202178884376,39.49413091175033,229.36450930511097,1.6290769664252676,5.62064035630557,q2_K,,,Qwen,CITIC
19,Qwen/Qwen2.5-Coder-3B-Instruct-GGUF/qwen2.5-coder-3b-instruct-q2_k.gguf,llamacpp,cuda,mmlu,1140,1140,1,50.08771929824562,0.006128792404461,22063.65265605973,0.0010667163179964,3031953.4884772534,170633,1140,0.0961452398383826,0.0243972815965351,40.98817304883748,1249.999322909396,0.1205425214349177,19.354081277245378,q2_K,,,Qwen,CITIC
20,Qwen/Qwen2.5-Coder-3B-Instruct-GGUF/qwen2.5-coder-3b-instruct-q2_k.gguf,llamacpp,cuda,resumen,100,100,1,22.77906251771698,0.0163964698795033,59027.29156621211,0.0028538055825275,21163276.21502817,93940,10985,0.8620750641822815,0.0247907368117806,40.33764738790639,292.65027326850304,3.5853375029563903,5.373444839891863,q2_K,,,Qwen,CITIC
21,bartowski/google_gemma-4-E2B-it-GGUF/google_gemma-4-E2B-it-bf16.gguf,llamacpp,cuda,humaneval,164,164,1,1.2195121951219512,0.0287548279034695,103517.3804524904,0.0050047777965988,65342764.98189429,54526,15596,0.1114014052763217,0.039302079532048,25.44394627222136,111.08874492992256,3.848933310043521,6.63743142167802,f16,,,Gemma,CITIC
22,bartowski/google_gemma-4-E2B-it-GGUF/google_gemma-4-E2B-it-bf16.gguf,llamacpp,cuda,mmlu,1140,1140,1,58.245614035087726,0.0060453757392324,21763.352661236648,0.0010521976474133,2862675.766082968,173830,1141,0.0765940001136378,0.0387549203911128,25.803175181578148,1330.2084796350189,0.1153829160489534,19.07392871274027,f16,,,Gemma,CITIC
23,bartowski/google_gemma-4-E2B-it-GGUF/google_gemma-4-E2B-it-bf16.gguf,llamacpp,cuda,resumen,100,100,1,25.12274118962436,0.0172603210625598,62137.155825215305,0.0030041588809385,23477573.94786555,94545,7824,0.576511447429657,0.0409232566936859,24.43598288095897,270.9359373671471,3.7783470511436463,7.941865519582733,f16,,,Gemma,CITIC
24,bartowski/google_gemma-4-E2B-it-GGUF/google_gemma-4-E2B-it-Q8_0.gguf,llamacpp,cuda,humaneval,164,164,1,1.2195121951219512,0.0174442970357006,62799.46932852228,0.0030361798990636,24347202.75432547,54526,15750,0.0957193520010971,0.0236190230959937,42.33875363666581,181.2649917554564,2.364009679817572,3.98726789387443,q8_0,,,Gemma,CITIC
25,bartowski/google_gemma-4-E2B-it-GGUF/google_gemma-4-E2B-it-Q8_0.gguf,llamacpp,cuda,mmlu,1140,1140,1,58.42105263157895,0.0044916132318758,16169.807634752982,0.0007817652830079,1587792.4476793143,173830,1140,0.0628428682946322,0.0232929982637104,42.93135596708306,1781.8646549099517,0.0861358665583426,14.184041784871036,q8_0,,,Gemma,CITIC
26,bartowski/google_gemma-4-E2B-it-GGUF/google_gemma-4-E2B-it-Q8_0.gguf,llamacpp,cuda,resumen,100,100,1,24.83166815085701,0.0112305037831802,40429.81361944907,0.0019546691834625,10099753.982520284,94545,7811,0.5245968461036682,0.0252656351511189,39.57945224882712,409.7361193148269,2.4980956077575684,5.176009937197423,q8_0,,,Gemma,CITIC
27,bartowski/google_gemma-4-E2B-it-GGUF/google_gemma-4-E2B-it-Q6_K.gguf,llamacpp,cuda,humaneval,164,164,1,1.2195121951219512,0.0173731834716592,62543.46049797341,0.0030238025832422,23728131.521235663,54526,14544,0.10728780816241,0.0248756250499761,40.19999489423727,182.05718443228108,2.313331044301754,4.300292938529525,q6_K,,,Gemma,CITIC
28,bartowski/google_gemma-4-E2B-it-GGUF/google_gemma-4-E2B-it-Q6_K.gguf,llamacpp,cuda,mmlu,1140,1140,1,59.03508771929824,0.0049657873703909,17876.834533407502,0.0008642952918165,1913452.5479488352,173830,1140,0.0698248250442638,0.0240657988347505,41.55274490851392,1634.6941771110749,0.0938906238790144,15.68143380123465,q6_K,,,Gemma,CITIC
29,bartowski/google_gemma-4-E2B-it-GGUF/google_gemma-4-E2B-it-Q6_K.gguf,llamacpp,cuda,resumen,100,100,1,24.79130629723969,0.0120124895616058,43244.962421780976,0.0020907738081974,11521252.1314179,94545,7862,0.5757909679412841,0.0265631222354944,37.64617694917545,384.38416382285226,2.664183638095856,5.500503996665095,q6_K,,,Gemma,CITIC
30,bartowski/google_gemma-4-E2B-it-GGUF/google_gemma-4-E2B-it-Q5_K_M.gguf,llamacpp,cuda,humaneval,164,164,1,1.829268292682927,0.0158363669050761,57010.92085827428,0.0027563196598285,19949651.57553508,54526,14808,0.1021665669069057,0.0224994277709371,44.44557480220519,198.13855754929745,2.133700264663231,3.8500081616878905,q5_K_M,,,Gemma,CITIC
31,bartowski/google_gemma-4-E2B-it-GGUF/google_gemma-4-E2B-it-Q5_K_M.gguf,llamacpp,cuda,mmlu,1140,1140,1,57.631578947368425,0.0046232687277667,16643.767419960153,0.0008046799220677,1687019.2915939249,173830,1140,0.0667853943088598,0.0221272566862273,45.1931305439426,1726.2161730936514,0.0889126509950872,14.599795982421186,q5_K_M,,,Gemma,CITIC
32,bartowski/google_gemma-4-E2B-it-GGUF/google_gemma-4-E2B-it-Q5_K_M.gguf,llamacpp,cuda,resumen,100,100,1,25.136522810795604,0.0112433407158058,40476.02657690095,0.001956903451586,9994721.254847672,94545,7914,0.55557373046875,0.0241814549294029,41.35400466677761,414.9323529189209,2.4692940735816955,5.114484025385513,q5_K_M,,,Gemma,CITIC
33,bartowski/google_gemma-4-E2B-it-GGUF/google_gemma-4-E2B-it-Q4_K_M.gguf,llamacpp,cuda,humaneval,164,164,1,1.2195121951219512,0.0152803989537327,55009.43623343791,0.0026595534378971,18520484.11239251,54526,15765,0.0997743548416509,0.0203181298694798,49.217128073490464,208.77792712218044,2.052916534063293,3.489339437579316,q4_K_M,,,Gemma,CITIC
34,bartowski/google_gemma-4-E2B-it-GGUF/google_gemma-4-E2B-it-Q4_K_M.gguf,llamacpp,cuda,mmlu,1140,1140,1,59.3859649122807,0.0044428631521175,15994.307347623231,0.000773280331626,1552173.0070332703,173830,1142,0.0651372083446435,0.0199552743113395,50.11206483048695,1802.9922776310373,0.0851274919091609,14.005523071473933,q4_K_M,,,Gemma,CITIC
35,bartowski/google_gemma-4-E2B-it-GGUF/google_gemma-4-E2B-it-Q4_K_M.gguf,llamacpp,cuda,resumen,100,100,1,24.48100221666015,0.0100738701307098,36265.93247055563,0.00175335709625,8074482.159635039,94545,7648,0.5432144021987915,0.0220090269917723,45.43590229471892,458.9922132085069,2.226464786529541,4.741884475752567,q4_K_M,,,Gemma,CITIC
36,bartowski/google_gemma-4-E2B-it-GGUF/google_gemma-4-E2B-it-Q3_K_M.gguf,llamacpp,cuda,humaneval,164,164,1,35.36585365853659,0.0213924934133841,77012.97628818295,0.0037233634785995,38893059.792533584,54526,16090,0.1046938358283624,0.0303200606606331,32.98146435763493,139.82824603093695,3.0793875921063307,4.786387587829891,q3_K_M,,,Gemma,CITIC
37,bartowski/google_gemma-4-E2B-it-GGUF/google_gemma-4-E2B-it-Q3_K_M.gguf,llamacpp,cuda,mmlu,1140,1140,1,55.00000000000001,0.0050654022856107,18235.448228198864,0.0008816332678105,2045073.5999409573,173830,1144,0.0682833320216128,0.0299871076237071,33.347664354578214,1560.202683352319,0.0983756575668067,15.940077122551454,q3_K_M,,,Gemma,CITIC
38,bartowski/google_gemma-4-E2B-it-GGUF/google_gemma-4-E2B-it-Q3_K_M.gguf,llamacpp,cuda,resumen,100,100,1,23.75507615043936,0.0133991480478074,48236.93297210669,0.0023321217177208,15032971.77140196,94545,7989,0.5659026503562927,0.0319261881567715,31.322248528059827,329.0051867702493,3.116485822200775,6.037918759808072,q3_K_M,,,Gemma,CITIC
39,bartowski/google_gemma-4-E2B-it-GGUF/google_gemma-4-E2B-it-Q2_K.gguf,llamacpp,cuda,humaneval,164,164,1,33.53658536585366,0.0328669001216489,118320.8404379361,0.0057204839661729,86079882.39492826,54526,32282,0.1179329825610649,0.0219370368303814,45.58500802693011,119.3216722766053,4.436051415234077,3.665226455546004,q2_K,,,Gemma,CITIC
40,bartowski/google_gemma-4-E2B-it-GGUF/google_gemma-4-E2B-it-Q2_K.gguf,llamacpp,cuda,mmlu,1140,1140,1,42.45614035087719,0.0050588153614513,18211.735301224835,0.0008804868136606,2029848.568146968,173830,1158,0.0761043766088653,0.0213292606548118,46.88395046522171,1569.986641811398,0.0977704150634899,15.726887134045626,q2_K,,,Gemma,CITIC
41,bartowski/google_gemma-4-E2B-it-GGUF/google_gemma-4-E2B-it-Q2_K.gguf,llamacpp,cuda,resumen,100,100,1,24.49534904215968,0.0123658544265885,44517.07593571888,0.0021522769629477,12332730.821703663,94545,9141,0.6336017370223999,0.0233752914258028,42.78021530444536,374.2721382800208,2.770337126255036,4.870044408239676,q2_K,,,Gemma,CITIC
42,MaziyarPanahi/Mistral-7B-Instruct-v0.3-GGUF/Mistral-7B-Instruct-v0.3.fp16.gguf,llamacpp,cuda,humaneval,164,164,1,4.2682926829268295,0.1310717930893261,471858.4551215741,0.0228130455871972,1379276347.7165568,42094,33331,0.2714570600812028,0.0863626436168456,11.579080469520772,25.80333088178099,17.82361117223414,14.156744625771026,f16,,,Mistral,CITIC
43,MaziyarPanahi/Mistral-7B-Instruct-v0.3-GGUF/Mistral-7B-Instruct-v0.3.fp16.gguf,llamacpp,cuda,mmlu,1140,1140,1,62.19298245614036,0.0419098178648284,150875.34431338246,0.0072944037993733,140631940.40605447,137544,8972,0.1903829948943958,0.0797002034903741,12.547019407808351,157.18798932584346,0.817637578855481,16.816244350577627,f16,,,Mistral,CITIC
44,MaziyarPanahi/Mistral-7B-Instruct-v0.3-GGUF/Mistral-7B-Instruct-v0.3.fp16.gguf,llamacpp,cuda,resumen,100,100,1,22.763515973175824,0.0710816733491654,255894.02405699567,0.0123717652464222,403245796.73456925,99795,16449,1.6030025959014893,0.0860557467591487,11.620374439359422,73.76678237779969,15.758312380313871,15.556813426773406,f16,,,Mistral,CITIC
45,MaziyarPanahi/Mistral-7B-Instruct-v0.3-GGUF/Mistral-7B-Instruct-v0.3.Q8_0.gguf,llamacpp,cuda,humaneval,164,164,1,3.658536585365853,0.0747452523617215,269082.9085021974,0.0130094111735576,449543465.6864724,42094,32093,0.2509790193743822,0.0507739952494392,19.6951213921076,44.406059161752,10.18689261413202,8.384473514542032,q8_0,,,Mistral,CITIC
46,MaziyarPanahi/Mistral-7B-Instruct-v0.3-GGUF/Mistral-7B-Instruct-v0.3.Q8_0.gguf,llamacpp,cuda,mmlu,1140,1140,1,62.89473684210526,0.0270563585930037,97402.8909348134,0.0047091592131122,59067480.738343686,137544,9002,0.1667906660782663,0.0462433846625612,21.62471469804854,241.6558803000919,0.5319511474224559,10.820138961876628,q8_0,,,Mistral,CITIC
47,MaziyarPanahi/Mistral-7B-Instruct-v0.3-GGUF/Mistral-7B-Instruct-v0.3.Q8_0.gguf,llamacpp,cuda,resumen,100,100,1,22.62320445058181,0.0445582860146293,160409.82965266562,0.0077553696808462,156629397.28631133,99795,16195,1.5919544792175293,0.0504623165171836,19.81676762023948,118.78955332632668,9.764326639175415,9.904898403992938,q8_0,,,Mistral,CITIC
48,MaziyarPanahi/Mistral-7B-Instruct-v0.3-GGUF/Mistral-7B-Instruct-v0.3.Q6_K.gguf,llamacpp,cuda,humaneval,164,164,1,3.048780487804878,0.0850594275057579,306213.9390207285,0.0148045933573771,572678362.131918,42094,31602,0.2939158547215345,0.0576542047041668,17.34478873017438,39.40561394019162,11.40359986119154,9.689701253741172,q6_K,,,Mistral,CITIC
49,MaziyarPanahi/Mistral-7B-Instruct-v0.3-GGUF/Mistral-7B-Instruct-v0.3.Q6_K.gguf,llamacpp,cuda,mmlu,1140,1140,1,62.28070175438597,0.0322641547128501,116150.95696626036,0.0056155761277715,81179573.80609767,137544,8998,0.1963638910076074,0.0527961260214146,18.94078363996612,209.6708905667009,0.6130827874468084,12.9085304474617,q6_K,,,Mistral,CITIC
50,MaziyarPanahi/Mistral-7B-Instruct-v0.3-GGUF/Mistral-7B-Instruct-v0.3.Q6_K.gguf,llamacpp,cuda,resumen,100,100,1,22.80279583753948,0.0515197188768572,185470.9879566861,0.008967007070517,209939159.5061297,99795,16500,1.811886613368988,0.0576203552303892,17.35497804554658,102.74094930723508,11.31924522638321,11.240665936768856,q6_K,,,Mistral,CITIC
51,MaziyarPanahi/Mistral-7B-Instruct-v0.3-GGUF/Mistral-7B-Instruct-v0.3.Q5_K_M.gguf,llamacpp,cuda,humaneval,164,164,1,4.878048780487805,0.0676863576781201,243670.8876412325,0.0117808105538768,373593763.6470465,42094,33900,0.2701985719727307,0.0439196877704609,22.768832174452992,49.565938292541446,9.348719397696051,7.187931788826917,q5_K_M,,,Mistral,CITIC
52,MaziyarPanahi/Mistral-7B-Instruct-v0.3-GGUF/Mistral-7B-Instruct-v0.3.Q5_K_M.gguf,llamacpp,cuda,mmlu,1140,1140,1,62.71929824561403,0.0257415554720882,92669.5996995176,0.0044803177299169,52307266.47118145,137544,9008,0.180815857753419,0.0397778597807587,25.139612978466904,259.6372567594613,0.495130735740327,10.28747776415604,q5_K_M,,,Mistral,CITIC
53,MaziyarPanahi/Mistral-7B-Instruct-v0.3-GGUF/Mistral-7B-Instruct-v0.3.Q5_K_M.gguf,llamacpp,cuda,resumen,100,100,1,22.1528914201921,0.0419603912066773,151057.40834403838,0.0073032060895221,140272271.14346486,99795,17274,1.7062064599990845,0.0438799206217061,22.789466932292704,126.0701034728496,9.286023948192597,8.744784551582631,q5_K_M,,,Mistral,CITIC
54,MaziyarPanahi/Mistral-7B-Instruct-v0.3-GGUF/Mistral-7B-Instruct-v0.3.Q4_K_M.gguf,llamacpp,cuda,humaneval,164,164,1,2.4390243902439024,0.0597626591939089,215145.5730980724,0.0104016908326998,287430100.06460696,42094,31891,0.2618438441578934,0.040545521471463,24.66363641922386,55.37883896670191,8.146217168831244,6.7462786710379845,q4_K_M,,,Mistral,CITIC
55,MaziyarPanahi/Mistral-7B-Instruct-v0.3-GGUF/Mistral-7B-Instruct-v0.3.Q4_K_M.gguf,llamacpp,cuda,mmlu,1140,1140,1,62.28070175438597,0.0244357569943666,87968.72517971994,0.0042530435048695,46308284.54761732,137544,8968,0.1744978333774366,0.0365176251910819,27.38403701684884,278.3189658057475,0.461769818213948,9.809179881770731,q4_K_M,,,Mistral,CITIC
56,MaziyarPanahi/Mistral-7B-Instruct-v0.3-GGUF/Mistral-7B-Instruct-v0.3.Q4_K_M.gguf,llamacpp,cuda,resumen,100,100,1,23.021750642441845,0.0375028262708308,135010.1745749912,0.0065273669124381,111017332.93700662,99795,16240,1.6571823787689208,0.0404292119988079,24.73459042509867,141.11224970337057,8.222886407375336,8.313434395011774,q4_K_M,,,Mistral,CITIC
57,MaziyarPanahi/Mistral-7B-Instruct-v0.3-GGUF/Mistral-7B-Instruct-v0.3.Q3_K_M.gguf,llamacpp,cuda,humaneval,164,164,1,1.829268292682927,0.0770024519219561,277208.8269190422,0.0134022767570164,473750790.066582,42094,30983,0.2772046865486517,0.0536920793853012,18.62472102866183,42.76001195040921,10.420751610907113,8.947126712036995,q3_K_M,,,Mistral,CITIC
58,MaziyarPanahi/Mistral-7B-Instruct-v0.3-GGUF/Mistral-7B-Instruct-v0.3.Q3_K_M.gguf,llamacpp,cuda,mmlu,1140,1140,1,61.40350877192983,0.0296376485838848,106695.5349019854,0.0051584327360251,68927710.34950247,137544,8910,0.1838359441673546,0.0489842277049483,20.414734432956703,226.7011016223051,0.5666863554402402,11.974807508640335,q3_K_M,,,Mistral,CITIC
59,MaziyarPanahi/Mistral-7B-Instruct-v0.3-GGUF/Mistral-7B-Instruct-v0.3.Q3_K_M.gguf,llamacpp,cuda,resumen,100,100,1,23.11328779684871,0.048920147630503,176112.531469811,0.008514551695089,186214827.9904993,99795,16495,1.7465990042686463,0.053513357674725,18.68692310578582,109.98117875805902,10.57362735271454,10.67672212608736,q3_K_M,,,Mistral,CITIC
60,MaziyarPanahi/Mistral-7B-Instruct-v0.3-GGUF/Mistral-7B-Instruct-v0.3.Q2_K.gguf,llamacpp,cuda,humaneval,164,164,1,14.02439024390244,0.0808029711116744,290890.6960020279,0.0140637571219869,527159942.4113413,42094,37777,0.3244741050208487,0.0465630711925242,21.47624661322924,44.0733995722474,11.050163985752478,7.700206369008335,q2_K,,,Mistral,CITIC
61,MaziyarPanahi/Mistral-7B-Instruct-v0.3-GGUF/Mistral-7B-Instruct-v0.3.Q2_K.gguf,llamacpp,cuda,mmlu,1140,1140,1,56.57894736842105,0.0278627715958643,100305.97774511178,0.0048495153962601,61298765.8872893,137544,8692,0.2142621927094041,0.0422064973306282,23.69303456210575,239.29266355060085,0.5360682232338085,11.540034255074987,q2_K,,,Mistral,CITIC
62,MaziyarPanahi/Mistral-7B-Instruct-v0.3-GGUF/Mistral-7B-Instruct-v0.3.Q2_K.gguf,llamacpp,cuda,resumen,100,100,1,21.684880480731007,0.0476361405628195,171490.10602615046,0.0082910702649587,179959653.98752412,99795,18248,2.0132799792289733,0.0464741325415001,21.517346216350084,112.4874722589112,10.493879685401916,9.39774802861412,q2_K,,,Mistral,CITIC
63,Qwen/Qwen2.5-Coder-3B-Instruct-GGUF/qwen2.5-coder-3b-instruct-fp16.gguf,llamacpp,cuda,ifeval,150,150,1,47.333333333333336,0.0623861296207865,224590.06663483143,0.0108583058604978,310884084.6535426,11176,33894,0.067207187016805,0.0405425127680733,24.665466734155803,32.5596413676576,9.228193372090658,6.626248499286937,f16,,,Qwen,CITIC
64,Qwen/Qwen2.5-Coder-3B-Instruct-GGUF/qwen2.5-coder-3b-instruct-q8_0.gguf,llamacpp,cuda,ifeval,150,150,1,48.66666666666667,0.0393213684553122,141556.92643912413,0.006843884179647,121672783.67105822,11176,34319,0.054304305712382,0.0248080331019898,40.30952376953207,52.92993366338046,5.730216892560323,4.12473925344923,q8_0,,,Qwen,CITIC
65,Qwen/Qwen2.5-Coder-3B-Instruct-GGUF/qwen2.5-coder-3b-instruct-q6_k.gguf,llamacpp,cuda,ifeval,150,150,1,47.333333333333336,0.0430177952526909,154864.06290968746,0.0074872472637308,148664614.5536344,11176,33124,0.0619165404637654,0.0287006692946237,34.84239303740976,46.14734990904019,6.399789671897889,4.675282662410562,q6_K,,,Qwen,CITIC
66,Qwen/Qwen2.5-Coder-3B-Instruct-GGUF/qwen2.5-coder-3b-instruct-q5_k_m.gguf,llamacpp,cuda,ifeval,150,150,1,47.333333333333336,0.0345695237243173,124450.28540754264,0.0060168256042174,96245476.43085344,11176,32587,0.0577251307169596,0.0234665996069101,42.613758139271816,56.587779937929234,5.1557656733194985,3.81901633803488,q5_K_M,,,Qwen,CITIC
67,Qwen/Qwen2.5-Coder-3B-Instruct-GGUF/qwen2.5-coder-3b-instruct-q4_k_m.gguf,llamacpp,cuda,ifeval,150,150,1,48.0,0.033435382841705,120367.37823013832,0.0058194283835987,89428627.36287846,11176,33211,0.0553442859649658,0.0221210546256052,45.20580130218999,59.74313790842,4.953093253771464,3.624322610886102,q4_K_M,,,Qwen,CITIC
68,Qwen/Qwen2.5-Coder-3B-Instruct-GGUF/qwen2.5-coder-3b-instruct-q3_k_m.gguf,llamacpp,cuda,ifeval,150,150,1,45.33333333333333,0.0472586436600936,170131.11717633717,0.0082253669290393,178474774.4406988,11176,36237,0.0574486557642618,0.0287116817920502,34.82902907752624,45.19645246203618,6.9936167430877685,4.694955906292937,q3_K_M,,,Qwen,CITIC
69,Qwen/Qwen2.5-Coder-3B-Instruct-GGUF/qwen2.5-coder-3b-instruct-q2_k.gguf,llamacpp,cuda,ifeval,150,150,1,39.33333333333333,0.0413685602886017,148926.81703896617,0.0072001979182311,135981854.93918812,11176,36742,0.0645664978027343,0.0245874855087601,40.67109667004031,52.479613710701074,6.087189114888509,4.053312749413918,q2_K,,,Qwen,CITIC
70,bartowski/google_gemma-4-E2B-it-GGUF/google_gemma-4-E2B-it-bf16.gguf,llamacpp,cuda,ifeval,150,150,1,76.0,0.0782959998700082,281865.5995320295,0.0136274187773749,486670361.55647606,11796,44537,0.0581261205673217,0.0385720951346187,25.925477900797084,32.62646767240047,11.510695460637413,6.328796271235815,f16,,,Gemma,CITIC
71,bartowski/google_gemma-4-E2B-it-GGUF/google_gemma-4-E2B-it-Q8_0.gguf,llamacpp,cuda,ifeval,150,150,1,76.0,0.0471507345996494,169742.64455873804,0.0082065853570689,175551687.31799465,11796,44848,0.0452025731404622,0.0229094332397047,43.65014138660054,54.76963796405275,6.894817652702332,3.78484312697864,q8_0,,,Gemma,CITIC
72,bartowski/google_gemma-4-E2B-it-GGUF/google_gemma-4-E2B-it-Q6_K.gguf,llamacpp,cuda,ifeval,150,150,1,74.0,0.0492999786651674,177479.92319460266,0.0085806612866723,195675214.46742067,11796,45344,0.04947953859965,0.0241508986498574,41.40632671678672,51.826711108718754,7.350135194460551,3.9140773463876735,q6_K,,,Gemma,CITIC
73,bartowski/google_gemma-4-E2B-it-GGUF/google_gemma-4-E2B-it-Q5_K_M.gguf,llamacpp,cuda,ifeval,150,150,1,76.0,0.0442718455787496,159378.6440834988,0.0077055147229813,156248549.71383172,11796,44618,0.0467877372105916,0.0218150181688888,45.8399801576206,57.54412980980499,6.535737608273824,3.5720705563561523,q5_K_M,,,Gemma,CITIC
74,bartowski/google_gemma-4-E2B-it-GGUF/google_gemma-4-E2B-it-Q4_K_M.gguf,llamacpp,cuda,ifeval,150,150,1,75.33333333333333,0.0370947342531215,133541.04331123762,0.0064563384967558,110636272.71855474,11796,41903,0.045409026145935,0.0196088600468215,50.997355155385215,64.81617925625852,5.523209443092346,3.1869088922329576,q4_K_M,,,Gemma,CITIC
75,bartowski/google_gemma-4-E2B-it-GGUF/google_gemma-4-E2B-it-Q3_K_M.gguf,llamacpp,cuda,ifeval,150,150,1,71.33333333333334,0.0488659473136605,175917.4103291779,0.0085051181299426,202167291.8432163,11796,38780,0.0473856623967488,0.0294509857201342,33.95472088787666,44.00909199351796,7.661447170575459,4.536292169396026,q3_K_M,,,Gemma,CITIC
76,bartowski/google_gemma-4-E2B-it-GGUF/google_gemma-4-E2B-it-Q2_K.gguf,llamacpp,cuda,ifeval,150,150,1,55.333333333333336,0.0404518953613507,145626.82330086268,0.007040652387643,129588560.9443764,11796,42327,0.0512464173634847,0.0208420257963555,47.97998091792319,60.82142204585247,5.932449256579082,3.440518423249053,q2_K,,,Gemma,CITIC
77,MaziyarPanahi/Mistral-7B-Instruct-v0.3-GGUF/Mistral-7B-Instruct-v0.3.fp16.gguf,llamacpp,cuda,ifeval,150,150,1,43.333333333333336,0.1911457807114196,688124.8105611107,0.0332689231328225,2918032571.8224897,8478,49226,0.1341797415415446,0.0857357934601046,11.663739957866362,13.607645936528575,28.270380867322285,13.97888941943507,f16,,,Mistral,CITIC
78,MaziyarPanahi/Mistral-7B-Instruct-v0.3-GGUF/Mistral-7B-Instruct-v0.3.Q8_0.gguf,llamacpp,cuda,ifeval,150,150,1,42.66666666666667,0.110699093256459,398516.7357232524,0.0192671771812866,978577128.1879967,8478,48618,0.1065791829427083,0.0501781544086497,19.928991246988133,23.25183257142665,16.370322589874267,8.19689694605398,q8_0,,,Mistral,CITIC
79,MaziyarPanahi/Mistral-7B-Instruct-v0.3-GGUF/Mistral-7B-Instruct-v0.3.Q6_K.gguf,llamacpp,cuda,ifeval,150,150,1,42.0,0.1223570044648806,440485.2160735704,0.0212962366271124,1208733311.9902422,8478,47861,0.1253809849421183,0.0569417255625817,17.561814119962882,20.530994175636003,18.29396716594696,9.20342692533734,q6_K,,,Mistral,CITIC
80,MaziyarPanahi/Mistral-7B-Instruct-v0.3-GGUF/Mistral-7B-Instruct-v0.3.Q5_K_M.gguf,llamacpp,cuda,ifeval,150,150,1,42.0,0.0966199834666137,347831.94047980936,0.0168167081223641,746674203.6556598,8478,49242,0.114044542312622,0.0432465279316816,23.12324359494809,26.88837983982817,14.311014731725058,7.063724878758161,q5_K_M,,,Mistral,CITIC
81,MaziyarPanahi/Mistral-7B-Instruct-v0.3-GGUF/Mistral-7B-Instruct-v0.3.Q4_K_M.gguf,llamacpp,cuda,ifeval,150,150,1,41.333333333333336,0.0858249019122667,308969.64688416035,0.01493782417783,588392185.4102913,8478,47405,0.1086865584055582,0.0398284128780745,25.10770396654441,29.344629661911103,12.69579264163971,6.517659463857407,q4_K_M,,,Mistral,CITIC
82,MaziyarPanahi/Mistral-7B-Instruct-v0.3-GGUF/Mistral-7B-Instruct-v0.3.Q3_K_M.gguf,llamacpp,cuda,ifeval,150,150,1,42.0,0.1147090041897819,412952.415083215,0.0199651021792315,1050183341.8465751,8478,47626,0.1156776968638102,0.0530331786234636,18.85612037513375,22.06117862723957,16.954065464337667,8.670734789468252,q3_K_M,,,Mistral,CITIC
83,MaziyarPanahi/Mistral-7B-Instruct-v0.3-GGUF/Mistral-7B-Instruct-v0.3.Q2_K.gguf,llamacpp,cuda,ifeval,150,150,1,38.0,0.0992916269462663,357449.8570065589,0.0172817076699976,776046268.9969885,8478,46901,0.1302356354395548,0.0458738185259297,21.798926536598632,25.507777592630937,14.473755386670431,7.621369629785269,q2_K,,,Mistral,CITIC
84,Qwen/Qwen2.5-Coder-3B-Instruct-GGUF/qwen2.5-coder-3b-instruct-fp16.gguf,llamacpp,cuda,humaneval,164,164,1,72.5609756097561,0.0105668720172782,38040.73926220155,0.0004157092249076,11164710.15284461,51675,10586,0.0510466622143256,0.0269338616166294,37.12798462521926,212.1375687124741,1.7895945833950508,3.5934951126205883,f16,,,Qwen,Servidor
85,Qwen/Qwen2.5-Coder-3B-Instruct-GGUF/qwen2.5-coder-3b-instruct-fp16.gguf,llamacpp,cuda,mmlu,1140,1140,1,57.45614035087719,0.0029254354063784,10531.56746296254,0.0001640645285527,839277.0783483208,170633,1140,0.0424766107609397,0.0274282695954306,36.45873453739839,2155.472828324603,0.0699048803563703,9.23821707277416,f16,,,Qwen,Servidor
86,Qwen/Qwen2.5-Coder-3B-Instruct-GGUF/qwen2.5-coder-3b-instruct-fp16.gguf,llamacpp,cuda,resumen,100,100,1,26.249586015776483,0.009005805787231,32420.900834031865,0.0003497987011794,8040031.548842493,93940,8243,0.2638756942749023,0.0268836076378489,37.19738858977086,412.0462575051493,2.479891471862793,3.933143374260811,f16,,,Qwen,Servidor
87,Qwen/Qwen2.5-Coder-3B-Instruct-GGUF/qwen2.5-coder-3b-instruct-fp16.gguf,llamacpp,cuda,ifeval,150,150,1,47.333333333333336,0.0331799048925234,119447.65761308426,0.0012861908295937,110248373.77991332,11176,34118,0.0366439374287923,0.0268916179485467,37.18630845913981,49.07339689860133,6.153232078552247,3.5010158160819587,f16,,,Qwen,Servidor
88,Qwen/Qwen2.5-Coder-3B-Instruct-GGUF/qwen2.5-coder-3b-instruct-q8_0.gguf,llamacpp,cuda,humaneval,164,164,1,70.73170731707317,0.0063845774653888,22984.47887539969,0.0002530895863775,4053280.4391977,51675,10794,0.0420990760733441,0.0156980119900988,63.7023338133978,354.23589174390975,1.075296279860706,2.129375474837844,q8_0,,,Qwen,Servidor
89,Qwen/Qwen2.5-Coder-3B-Instruct-GGUF/qwen2.5-coder-3b-instruct-q8_0.gguf,llamacpp,cuda,mmlu,1140,1140,1,57.19298245614035,0.0020375878861394,7335.31639010209,0.0001288302100998,403605.8129042983,170633,1140,0.0318302997371606,0.0164348558375709,60.8462897322132,3121.8809590727465,0.0482651555747316,6.434488061493061,q8_0,,,Qwen,Servidor
90,Qwen/Qwen2.5-Coder-3B-Instruct-GGUF/qwen2.5-coder-3b-instruct-q8_0.gguf,llamacpp,cuda,resumen,100,100,1,26.26495021554833,0.0057312072425104,20632.346073037657,0.0002232162381345,3231014.757900964,93940,8465,0.240735912322998,0.0156557463923644,63.87431010556724,653.9293559222374,1.5659948444366456,2.4373710659229366,q8_0,,,Qwen,Servidor
91,Qwen/Qwen2.5-Coder-3B-Instruct-GGUF/qwen2.5-coder-3b-instruct-q8_0.gguf,llamacpp,cuda,ifeval,150,150,1,48.66666666666667,0.0191241704343627,68847.01356370593,0.0007454898929222,36644597.99193044,11176,33786,0.0257861836751302,0.015639416611033,63.94100399464633,84.4735539064451,3.5484083811442058,2.037737925877758,q8_0,,,Qwen,Servidor
92,Qwen/Qwen2.5-Coder-3B-Instruct-GGUF/qwen2.5-coder-3b-instruct-q6_k.gguf,llamacpp,cuda,humaneval,164,164,1,70.1219512195122,0.0060067094197529,21624.15391111062,0.0002184296418674,3267521.968653659,51675,11160,0.0448292944489455,0.0128811101759633,77.63306006543108,415.8361363870166,0.9213731332523066,1.9376481999203063,q6_K,,,Qwen,Servidor
93,Qwen/Qwen2.5-Coder-3B-Instruct-GGUF/qwen2.5-coder-3b-instruct-q6_k.gguf,llamacpp,cuda,mmlu,1140,1140,1,57.19298245614035,0.002003267664217,7211.763591181451,0.0001255132276251,374729.83388140425,170633,1140,0.0320925131178738,0.0134872367507533,74.14417189230011,3305.81169509996,0.0455797498686271,6.326108413317063,q6_K,,,Qwen,Servidor
94,Qwen/Qwen2.5-Coder-3B-Instruct-GGUF/qwen2.5-coder-3b-instruct-q6_k.gguf,llamacpp,cuda,resumen,100,100,1,26.41722457968148,0.0053065660688938,19103.63784801792,0.0001915467868854,2558393.273710554,93940,8369,0.2641343927383422,0.0128460204762246,77.84511957230592,763.9459127244353,1.339217846393585,2.282666728165601,q6_K,,,Qwen,Servidor
95,Qwen/Qwen2.5-Coder-3B-Instruct-GGUF/qwen2.5-coder-3b-instruct-q6_k.gguf,llamacpp,cuda,ifeval,150,150,1,46.66666666666666,0.0171013173193042,61564.74234949534,0.0006075512480608,26649434.48819553,11176,33514,0.0244582414627075,0.0128065796991716,78.08486133613631,103.24152795128384,2.885789655049642,1.836985807408705,q6_K,,,Qwen,Servidor
96,Qwen/Qwen2.5-Coder-3B-Instruct-GGUF/qwen2.5-coder-3b-instruct-q5_k_m.gguf,llamacpp,cuda,humaneval,164,164,1,70.73170731707317,0.0050990612534794,18356.620512526,0.0001899784990184,2399228.180107526,51675,10675,0.0418799068869614,0.0116002500475988,86.20503833078939,477.04311680129626,0.7969571584608497,1.7195897435621543,q5_K_M,,,Qwen,Servidor
97,Qwen/Qwen2.5-Coder-3B-Instruct-GGUF/qwen2.5-coder-3b-instruct-q5_k_m.gguf,llamacpp,cuda,mmlu,1140,1140,1,56.75438596491228,0.0018683566476819,6726.083931654959,0.0001207675872459,325411.20315314864,170633,1140,0.0301348004424781,0.0123042215380752,81.27291896569929,3550.460475844217,0.0424390219805533,5.900073624258736,q5_K_M,,,Qwen,Servidor
98,Qwen/Qwen2.5-Coder-3B-Instruct-GGUF/qwen2.5-coder-3b-instruct-q5_k_m.gguf,llamacpp,cuda,resumen,100,100,1,25.7030066315818,0.0049874429694017,17954.794689846436,0.000182958091935,2288521.9802529654,93940,8882,0.2510558605194092,0.0115238266521626,86.77673052399935,806.6987844247506,1.274602143764496,2.021481050421801,q5_K_M,,,Qwen,Servidor
99,Qwen/Qwen2.5-Coder-3B-Instruct-GGUF/qwen2.5-coder-3b-instruct-q5_k_m.gguf,llamacpp,cuda,ifeval,150,150,1,47.333333333333336,0.0152645686961129,54952.4473060065,0.0005552472882497,21698253.46898961,11176,33952,0.0224855327606201,0.0115304623891114,86.72679084789632,114.29003009710615,2.6323672596613568,1.618533438560512,q5_K_M,,,Qwen,Servidor
100,Qwen/Qwen2.5-Coder-3B-Instruct-GGUF/qwen2.5-coder-3b-instruct-q4_k_m.gguf,llamacpp,cuda,humaneval,164,164,1,67.6829268292683,0.004402374408964,15848.547872270736,0.0001661122483602,1790660.8341780282,51675,10159,0.0408553757318636,0.0104622026517267,95.58216690009895,547.2723200448124,0.6889377948714466,1.5600499923487288,q4_K_M,,,Qwen,Servidor
101,Qwen/Qwen2.5-Coder-3B-Instruct-GGUF/qwen2.5-coder-3b-instruct-q4_k_m.gguf,llamacpp,cuda,mmlu,1140,1140,1,57.45614035087719,0.0017730583839998,6383.010182399637,0.0001176936255701,294183.4060269831,170633,1140,0.0292445356385749,0.011183978800188,89.41361727037496,3727.024657402893,0.040428514438763,5.59913173894705,q4_K_M,,,Qwen,Servidor
102,Qwen/Qwen2.5-Coder-3B-Instruct-GGUF/qwen2.5-coder-3b-instruct-q4_k_m.gguf,llamacpp,cuda,resumen,100,100,1,26.011421153337054,0.0045139222180646,16250.11998503262,0.0001659756922946,1870136.787401718,93940,8760,0.2448662042617798,0.0103422226698975,96.69101429334292,892.387836924766,1.150844910144806,1.8550365279717604,q4_K_M,,,Qwen,Servidor
103,Qwen/Qwen2.5-Coder-3B-Instruct-GGUF/qwen2.5-coder-3b-instruct-q4_k_m.gguf,llamacpp,cuda,ifeval,150,150,1,48.0,0.0132616160609325,47741.81781935733,0.000483735047852,16392867.46617565,11176,32737,0.0217197084426879,0.010389070648947,96.25500045101262,127.89016017040584,2.2890997473398844,1.4583443143647046,q4_K_M,,,Qwen,Servidor
104,Qwen/Qwen2.5-Coder-3B-Instruct-GGUF/qwen2.5-coder-3b-instruct-q3_k_m.gguf,llamacpp,cuda,humaneval,164,164,1,45.73170731707317,0.0047144743448228,16972.107641362214,0.0001737053688632,2016861.0174981905,51675,10027,0.0428826460024205,0.0111500053209833,89.68605585488675,519.229127144489,0.7245966908408374,1.6926406344232785,q3_K_M,,,Qwen,Servidor
105,Qwen/Qwen2.5-Coder-3B-Instruct-GGUF/qwen2.5-coder-3b-instruct-q3_k_m.gguf,llamacpp,cuda,mmlu,1140,1140,1,55.17543859649123,0.0018575394375624,6687.141975224705,0.0001203912372513,320824.1493933315,170633,1140,0.0302692839973851,0.0118151660551104,84.63698227647556,3580.373985818628,0.0420844500524955,5.865914013355004,q3_K_M,,,Qwen,Servidor
106,Qwen/Qwen2.5-Coder-3B-Instruct-GGUF/qwen2.5-coder-3b-instruct-q3_k_m.gguf,llamacpp,cuda,resumen,100,100,1,24.049338053547043,0.0060556490529024,21800.336590448707,0.0002177870171492,3330089.8722351952,93940,11371,0.2584922361373901,0.0111603934598591,89.60257571533845,689.4154016137005,1.5275405764579773,1.9171872826003613,q3_K_M,,,Qwen,Servidor
107,Qwen/Qwen2.5-Coder-3B-Instruct-GGUF/qwen2.5-coder-3b-instruct-q3_k_m.gguf,llamacpp,cuda,ifeval,150,150,1,44.66666666666666,0.016176110467809,58233.9976841127,0.0005758739262596,23860362.32136076,11176,36625,0.022183190981547,0.0110963832412563,90.11945408320076,116.66391674221312,2.731550099054972,1.5900067627061487,q3_K_M,,,Qwen,Servidor
108,Qwen/Qwen2.5-Coder-3B-Instruct-GGUF/qwen2.5-coder-3b-instruct-q2_k.gguf,llamacpp,cuda,humaneval,164,164,1,50.0,0.0036713414335476,13216.829160771484,0.0001381339514833,1228709.4070324302,51675,9243,0.0489065487210343,0.0091901814203737,108.8117801225437,655.2751970544867,0.5668629320656381,1.4299285038160212,q2_K,,,Qwen,Servidor
109,Qwen/Qwen2.5-Coder-3B-Instruct-GGUF/qwen2.5-coder-3b-instruct-q2_k.gguf,llamacpp,cuda,mmlu,1140,1140,1,50.08771929824562,0.0019228026370084,6922.089493230332,0.0001223525782938,342942.13917202875,170633,1140,0.0337019027325145,0.0097570034495571,102.49048339174163,3467.139038064395,0.0434589061820716,6.072008327395028,q2_K,,,Qwen,Servidor
110,Qwen/Qwen2.5-Coder-3B-Instruct-GGUF/qwen2.5-coder-3b-instruct-q2_k.gguf,llamacpp,cuda,resumen,100,100,1,22.55401566100829,0.0055198680976899,19871.525151683723,0.0001994396416946,2769698.2994135884,93940,11974,0.2881337833404541,0.0092339134383563,108.296445128686,759.8924097115703,1.3938025784492494,1.6595561342645502,q2_K,,,Qwen,Servidor
111,Qwen/Qwen2.5-Coder-3B-Instruct-GGUF/qwen2.5-coder-3b-instruct-q2_k.gguf,llamacpp,cuda,ifeval,150,150,1,42.0,0.0124998942940454,44999.6194585636,0.0004482186986683,14290375.9741549,11176,34397,0.0239548858006795,0.0091279286903243,109.553879519239,143.5069071166546,2.1171106402079265,1.308242563553903,q2_K,,,Qwen,Servidor
112,bartowski/google_gemma-4-E2B-it-GGUF/google_gemma-4-E2B-it-bf16.gguf,llamacpp,cuda,humaneval,164,164,1,1.2195121951219512,0.0481924337066168,173492.7613438205,0.0026553854537696,326307877.2414601,54526,16036,2.6118267062233715,0.0905759500487839,11.040458305559063,37.516704559614034,11.468387285383736,10.818954935384166,f16,,,Gemma,Servidor
113,bartowski/google_gemma-4-E2B-it-GGUF/google_gemma-4-E2B-it-bf16.gguf,llamacpp,cuda,mmlu,1140,1140,1,58.94736842105262,0.0496934574734054,178896.4469042596,0.0028618015522639,362893977.8795431,173830,1141,1.7029648548678349,0.0763665534862815,13.09473787080936,86.25574443033415,1.7793983965589288,156.78917344808028,f16,,,Gemma,Servidor
114,bartowski/google_gemma-4-E2B-it-GGUF/google_gemma-4-E2B-it-bf16.gguf,llamacpp,cuda,resumen,100,100,1,25.20502109900419,0.0308590399396403,111092.54378270508,0.001688725158167,133212266.66862077,94545,7940,5.054229209423065,0.0873662289203864,11.44607032210652,85.46749961017242,11.991107785701752,13.991504254748753,f16,,,Gemma,Servidor
115,bartowski/google_gemma-4-E2B-it-GGUF/google_gemma-4-E2B-it-bf16.gguf,llamacpp,cuda,ifeval,150,150,1,76.0,0.1195609840748427,430419.5426694339,0.0065967974583903,2015013742.5168104,11796,44616,2.4720400619506835,0.0966179129073584,10.350047624800638,12.049956151038776,31.210072077115377,9.647201512225074,f16,,,Gemma,Servidor
116,bartowski/google_gemma-4-E2B-it-GGUF/google_gemma-4-E2B-it-Q8_0.gguf,llamacpp,cuda,humaneval,164,164,1,1.2195121951219512,0.0071154214065454,25615.517063563548,0.0002885723071414,5164571.990086032,54526,14577,0.0373247672871845,0.0134113756743626,74.56356635446498,342.7407109517212,1.2293834453675805,1.7572557497128043,q8_0,,,Gemma,Servidor
117,bartowski/google_gemma-4-E2B-it-GGUF/google_gemma-4-E2B-it-Q8_0.gguf,llamacpp,cuda,mmlu,1140,1140,1,58.77192982456141,0.0017835958488564,6420.94505588317,0.0001216775875074,313653.8438843025,173830,1141,0.0281235644691868,0.0147131329351721,67.96648982960491,3581.90788756076,0.0428496036613196,5.62747156519121,q8_0,,,Gemma,Servidor
118,bartowski/google_gemma-4-E2B-it-GGUF/google_gemma-4-E2B-it-Q8_0.gguf,llamacpp,cuda,resumen,100,100,1,25.05204074699051,0.0048333635007877,17400.108602835895,0.000210030106515,2293749.280099256,94545,7901,0.1886033463478088,0.0142973691749355,69.94293759673502,777.1431434951731,1.3182384848594666,2.202266624836843,q8_0,,,Gemma,Servidor
119,bartowski/google_gemma-4-E2B-it-GGUF/google_gemma-4-E2B-it-Q8_0.gguf,llamacpp,cuda,ifeval,150,150,1,71.33333333333334,0.0213061268213747,76702.05655694914,0.0008538195494045,46855898.61584965,11796,44302,0.02294984181722,0.013711332020913,72.93237436558026,91.8311695184572,4.072546049753825,1.731345234006346,q8_0,,,Gemma,Servidor
120,bartowski/google_gemma-4-E2B-it-GGUF/google_gemma-4-E2B-it-Q6_K.gguf,llamacpp,cuda,humaneval,164,164,1,1.2195121951219512,0.0066917721355457,24090.37968796464,0.0002546874491033,4272355.610281971,54526,14139,0.0459139608755344,0.012010543229548,83.26018073352616,387.17889430672153,1.0813839043059,1.7038248594642222,q6_K,,,Gemma,Servidor
121,bartowski/google_gemma-4-E2B-it-GGUF/google_gemma-4-E2B-it-Q6_K.gguf,llamacpp,cuda,mmlu,1140,1140,1,58.77192982456141,0.001883511394707,6780.641020945336,0.00012533518372,347799.73986384965,173830,1140,0.0321770722405952,0.0128168288030122,78.02242000493736,3411.1835733380344,0.0449939010436074,5.947930720127488,q6_K,,,Gemma,Servidor
122,bartowski/google_gemma-4-E2B-it-GGUF/google_gemma-4-E2B-it-Q6_K.gguf,llamacpp,cuda,resumen,100,100,1,24.768792092811164,0.0045369791059638,16333.124781469956,0.0001715114091703,1950371.757439617,94545,7767,0.2304659271240234,0.0124070358902572,80.59942832802294,856.7980213349097,1.1941204047203064,2.102887187005273,q6_K,,,Gemma,Servidor
123,bartowski/google_gemma-4-E2B-it-GGUF/google_gemma-4-E2B-it-Q6_K.gguf,llamacpp,cuda,ifeval,150,150,1,74.0,0.0202363878752435,72850.99635087691,0.0007508757773747,39083675.63225604,11796,44847,0.0239776213963826,0.0118824274459618,84.1578881543973,105.58113891665532,3.576585779190064,1.6244341059798184,q6_K,,,Gemma,Servidor
124,bartowski/google_gemma-4-E2B-it-GGUF/google_gemma-4-E2B-it-Q5_K_M.gguf,llamacpp,cuda,humaneval,164,164,1,0.6097560975609756,0.0065891007292243,23720.762625207542,0.0002617868396021,4326416.680865405,54526,15313,0.0447645172840211,0.0114313369089078,87.47883191341819,382.9114168102958,1.1121307495163708,1.5490604470193654,q5_K_M,,,Gemma,Servidor
125,bartowski/google_gemma-4-E2B-it-GGUF/google_gemma-4-E2B-it-Q5_K_M.gguf,llamacpp,cuda,mmlu,1140,1140,1,57.45614035087719,0.0017983678006363,6474.124082290817,0.0001223065004151,320297.74766231474,173830,1140,0.0311084657384638,0.0122893642960933,81.37117396038875,3536.6389521811284,0.0433978300345571,5.679056212535804,q5_K_M,,,Gemma,Servidor
126,bartowski/google_gemma-4-E2B-it-GGUF/google_gemma-4-E2B-it-Q5_K_M.gguf,llamacpp,cuda,resumen,100,100,1,25.03950634332425,0.0042567575391615,15324.327140981428,0.0001672293990808,1777093.8381199206,94545,7904,0.2266769981384277,0.0118038762617207,84.71793314565123,883.443494985808,1.1596553778648375,1.938806571480444,q5_K_M,,,Gemma,Servidor
127,bartowski/google_gemma-4-E2B-it-GGUF/google_gemma-4-E2B-it-Q5_K_M.gguf,llamacpp,cuda,ifeval,150,150,1,74.66666666666667,0.0181700187540444,65412.06751456,0.00070656135272,32970113.280357856,11796,44278,0.0235129181543986,0.011303812966738,88.46572417135162,111.24973222329268,3.3602477884292603,1.477304022642396,q5_K_M,,,Gemma,Servidor
128,bartowski/google_gemma-4-E2B-it-GGUF/google_gemma-4-E2B-it-Q4_K_M.gguf,llamacpp,cuda,humaneval,164,164,1,1.829268292682927,0.0062253814022657,22411.373048156584,0.0002500120779473,3892256.281875625,54526,15727,0.0444680830327475,0.0105792902153734,94.52429980102396,404.51246699341976,1.0589833099667618,1.42502530985926,q4_K_M,,,Gemma,Servidor
129,bartowski/google_gemma-4-E2B-it-GGUF/google_gemma-4-E2B-it-Q4_K_M.gguf,llamacpp,cuda,mmlu,1140,1140,1,58.77192982456141,0.0017527172364813,6309.782051332887,0.0001202752410355,304676.7237300508,173830,1142,0.0307818260109215,0.0115544031881409,86.54709236963176,3623.628256105358,0.0423565000818486,5.525203197314262,q4_K_M,,,Gemma,Servidor
130,bartowski/google_gemma-4-E2B-it-GGUF/google_gemma-4-E2B-it-Q4_K_M.gguf,llamacpp,cuda,resumen,100,100,1,24.689881736082125,0.0039680815592804,14285.093613409716,0.0001565703165413,1550570.5523072593,94545,7984,0.2199739217758178,0.0108400879797333,92.25017378729788,944.5789879795514,1.0854465460777285,1.7892151319400948,q4_K_M,,,Gemma,Servidor
131,bartowski/google_gemma-4-E2B-it-GGUF/google_gemma-4-E2B-it-Q4_K_M.gguf,llamacpp,cuda,ifeval,150,150,1,76.66666666666667,0.0159813448316771,57532.84139403789,0.0006280662967668,25759520.629217528,11796,42678,0.0230380535125732,0.0104100526879143,96.06099315529526,121.6654629257369,2.984906244277954,1.3480678896395777,q4_K_M,,,Gemma,Servidor
132,bartowski/google_gemma-4-E2B-it-GGUF/google_gemma-4-E2B-it-Q3_K_M.gguf,llamacpp,cuda,humaneval,164,164,1,39.02439024390244,0.0080543219192963,28995.558909466818,0.000322757016293,6569156.861550519,54526,17256,0.045259283810127,0.0126990509436646,78.74604208111174,316.8381047226331,1.381447229443527,1.680317507502713,q3_K_M,,,Gemma,Servidor
133,bartowski/google_gemma-4-E2B-it-GGUF/google_gemma-4-E2B-it-Q3_K_M.gguf,llamacpp,cuda,mmlu,1140,1140,1,54.91228070175439,0.0017952682710334,6462.965775720317,0.0001206597166058,317660.71941450395,173830,1145,0.0300189779515852,0.0130386777319762,76.69489349733568,3559.9536470577827,0.0431148428665964,5.644511594515561,q3_K_M,,,Gemma,Servidor
134,bartowski/google_gemma-4-E2B-it-GGUF/google_gemma-4-E2B-it-Q3_K_M.gguf,llamacpp,cuda,resumen,100,100,1,23.13393772534776,0.004618387493843,16626.194977834835,0.0001829345650446,2119775.353603119,94545,8080,0.2287690567970275,0.0129479225909355,77.2324666738483,804.9264544471913,1.2749612021446228,2.0576973982468854,q3_K_M,,,Gemma,Servidor
135,bartowski/google_gemma-4-E2B-it-GGUF/google_gemma-4-E2B-it-Q3_K_M.gguf,llamacpp,cuda,ifeval,150,150,1,70.66666666666667,0.016182954055755,58258.63460071829,0.0006315470483507,26229250.447457988,11796,38313,0.0207620620727539,0.0116698382850591,85.69099036104899,111.29871694409458,3.0014721568425498,1.5205970454080413,q3_K_M,,,Gemma,Servidor
136,bartowski/google_gemma-4-E2B-it-GGUF/google_gemma-4-E2B-it-Q2_K.gguf,llamacpp,cuda,humaneval,164,164,1,35.36585365853659,0.0115962734542597,41746.58443533499,0.0004454015627957,13153948.694225753,54526,32222,0.0475110019125589,0.0095369192661723,104.85566377257946,275.3114513960478,1.92128302992844,1.295592590011017,q2_K,,,Gemma,Servidor
137,bartowski/google_gemma-4-E2B-it-GGUF/google_gemma-4-E2B-it-Q2_K.gguf,llamacpp,cuda,mmlu,1140,1140,1,42.368421052631575,0.001806013233872,6501.64764193928,0.0001228732569451,319897.9465805724,173830,1158,0.0328533153784902,0.0101466469196457,98.55472531165093,3556.4789637720187,0.0431601725126567,5.614548913591779,q2_K,,,Gemma,Servidor
138,bartowski/google_gemma-4-E2B-it-GGUF/google_gemma-4-E2B-it-Q2_K.gguf,llamacpp,cuda,resumen,100,100,1,24.79408238872359,0.0043031030286603,15491.170903177255,0.0001661862014979,1784799.2471582212,94545,9209,0.2457570028305053,0.0098423570773153,101.6016785557191,900.5331823438233,1.1521396660804748,1.6821773160144704,q2_K,,,Gemma,Servidor
139,bartowski/google_gemma-4-E2B-it-GGUF/google_gemma-4-E2B-it-Q2_K.gguf,llamacpp,cuda,ifeval,150,150,1,56.66666666666666,0.0143558804243717,51681.16952773828,0.0005536748452767,20346889.56819973,11796,41984,0.0233077971140543,0.0092941140528859,107.59497831743198,136.60138508569514,2.6246683597564697,1.230972978461754,q2_K,,,Gemma,Servidor
140,MaziyarPanahi/Mistral-7B-Instruct-v0.3-GGUF/Mistral-7B-Instruct-v0.3.fp16.gguf,llamacpp,cuda,humaneval,164,164,1,4.2682926829268295,0.1616311680506772,581872.2049824379,0.0094858190090409,3566100729.409349,42094,33056,9.70540372336783,0.1372513418795409,7.285903265540771,12.26204740763809,37.36991809635627,17.6026199474358,f16,,,Mistral,Servidor
141,MaziyarPanahi/Mistral-7B-Instruct-v0.3-GGUF/Mistral-7B-Instruct-v0.3.fp16.gguf,llamacpp,cuda,mmlu,1140,1140,1,62.4561403508772,0.2121059837686074,763581.5415669868,0.0118158659918872,6377997114.996164,137544,8996,6.315857567703515,0.1281304026031663,7.804548957027064,17.54394633358086,7.326963797368501,84.8801180043338,f16,,,Mistral,Servidor
142,MaziyarPanahi/Mistral-7B-Instruct-v0.3-GGUF/Mistral-7B-Instruct-v0.3.fp16.gguf,llamacpp,cuda,resumen,100,100,1,22.722279572934784,0.1207402603319669,434664.937195081,0.006908045401918,2011341280.2282133,99795,16533,23.26996652126312,0.1391363125606521,7.18719636589536,25.13929550945837,46.27337307691574,26.290748030912784,f16,,,Mistral,Servidor
143,MaziyarPanahi/Mistral-7B-Instruct-v0.3-GGUF/Mistral-7B-Instruct-v0.3.Q8_0.gguf,llamacpp,cuda,humaneval,164,164,1,4.2682926829268295,0.0487192813647012,175389.41291292434,0.0020479442108102,256156009.45252988,42094,32290,0.9285079008195458,0.0405148158467713,24.68232865187,50.930548605898096,8.90547987455275,5.43169442282206,q8_0,,,Mistral,Servidor
144,MaziyarPanahi/Mistral-7B-Instruct-v0.3-GGUF/Mistral-7B-Instruct-v0.3.Q8_0.gguf,llamacpp,cuda,mmlu,1140,1140,1,62.89473684210526,0.0387814008676201,139613.0431234327,0.0020221184817515,198367085.6492296,137544,8991,0.9499948204609384,0.0375754438111122,26.61312545041104,103.13302333970984,1.2463464128343682,15.52808843548356,q8_0,,,Mistral,Servidor
145,MaziyarPanahi/Mistral-7B-Instruct-v0.3-GGUF/Mistral-7B-Instruct-v0.3.Q8_0.gguf,llamacpp,cuda,resumen,100,100,1,22.7204106228453,0.0297890930168629,107240.73486070648,0.0012527535505021,95879745.46877444,99795,16079,2.3645792055130004,0.0408982496755663,24.45092413325024,129.6041499744747,8.940608770847321,6.66961470618238,q8_0,,,Mistral,Servidor
146,MaziyarPanahi/Mistral-7B-Instruct-v0.3-GGUF/Mistral-7B-Instruct-v0.3.Q6_K.gguf,llamacpp,cuda,humaneval,164,164,1,4.2682926829268295,0.0334579312204003,120448.55239344128,0.0011805217376528,101916939.12781258,42094,32514,0.0955990640128531,0.025541820238384,39.15147748543022,88.17401379862987,5.159420669078827,3.704513513976788,q6_K,,,Mistral,Servidor
147,MaziyarPanahi/Mistral-7B-Instruct-v0.3-GGUF/Mistral-7B-Instruct-v0.3.Q6_K.gguf,llamacpp,cuda,mmlu,1140,1140,1,61.92982456140352,0.0115094528291131,41434.030184807474,0.0004525175331514,11899796.41201276,137544,8994,0.0655968509222331,0.0236177688337363,42.34100210903783,510.2322514603712,0.2519286166157639,4.606852366556312,q6_K,,,Mistral,Servidor
148,MaziyarPanahi/Mistral-7B-Instruct-v0.3-GGUF/Mistral-7B-Instruct-v0.3.Q6_K.gguf,llamacpp,cuda,resumen,100,100,1,22.764423011263403,0.0191746325706577,69028.67725436803,0.0006777292501626,33483769.61778875,99795,16558,0.6019379925727845,0.0256598999224101,38.971313334182,239.86826382626063,4.850704221725464,4.168901875490279,q6_K,,,Mistral,Servidor
149,MaziyarPanahi/Mistral-7B-Instruct-v0.3-GGUF/Mistral-7B-Instruct-v0.3.Q5_K_M.gguf,llamacpp,cuda,humaneval,164,164,1,3.658536585365853,0.0302597570011077,108935.1252039879,0.001074790866635,82743861.22515059,42094,33386,0.0860003727238352,0.0223287010695616,44.7854085593538,99.37200329609156,4.631524847774971,3.2628983766844755,q5_K_M,,,Mistral,Servidor
150,MaziyarPanahi/Mistral-7B-Instruct-v0.3-GGUF/Mistral-7B-Instruct-v0.3.Q5_K_M.gguf,llamacpp,cuda,mmlu,1140,1140,1,62.98245614035088,0.0101080981040084,36389.15317443044,0.0004067263888699,9250554.07591951,137544,9023,0.0596543711528443,0.0206368026587541,48.4571188926789,576.5545468460599,0.2229928539510358,4.032932857633873,q5_K_M,,,Mistral,Servidor
151,MaziyarPanahi/Mistral-7B-Instruct-v0.3-GGUF/Mistral-7B-Instruct-v0.3.Q5_K_M.gguf,llamacpp,cuda,resumen,100,100,1,22.42613977990649,0.0171838656153643,61861.91621531158,0.0006047301106175,26758973.23293915,99795,16739,0.5647777581214904,0.0224674081736848,44.50891675040901,269.4055740285704,4.325597212314606,3.6956757402062,q5_K_M,,,Mistral,Servidor
152,MaziyarPanahi/Mistral-7B-Instruct-v0.3-GGUF/Mistral-7B-Instruct-v0.3.Q4_K_M.gguf,llamacpp,cuda,humaneval,164,164,1,3.048780487804878,0.0254710129616037,91695.64666177344,0.0008956530896592,58746053.18826007,42094,32206,0.0837319391529734,0.0194662936702245,51.37084731900398,115.97351953392656,3.906484707099636,2.847160363341409,q4_K_M,,,Mistral,Servidor
153,MaziyarPanahi/Mistral-7B-Instruct-v0.3-GGUF/Mistral-7B-Instruct-v0.3.Q4_K_M.gguf,llamacpp,cuda,mmlu,1140,1140,1,62.19298245614036,0.0089908037513584,32366.893504890308,0.0003676196452406,7313498.329211367,137544,8943,0.0575273906975461,0.0179330107217451,55.763084934055215,648.2983813523529,0.1982071405962893,3.619243375253305,q4_K_M,,,Mistral,Servidor
154,MaziyarPanahi/Mistral-7B-Instruct-v0.3-GGUF/Mistral-7B-Instruct-v0.3.Q4_K_M.gguf,llamacpp,cuda,resumen,100,100,1,23.07847206796153,0.0149149926025547,53693.97336919724,0.0005257560402999,20156393.26554505,99795,16356,0.5484963607788086,0.0195979654832701,51.02570472703673,309.4109456311495,3.753939595222473,3.282830360063417,q4_K_M,,,Mistral,Servidor
155,MaziyarPanahi/Mistral-7B-Instruct-v0.3-GGUF/Mistral-7B-Instruct-v0.3.Q3_K_M.gguf,llamacpp,cuda,humaneval,164,164,1,1.829268292682927,0.0250045834008488,90016.5002430557,0.0008872109082097,57090777.24695625,42094,31894,0.09282104125837,0.0194081345149893,51.52478715703864,116.65878695561612,3.86722983528928,2.822364715716301,q3_K_M,,,Mistral,Servidor
156,MaziyarPanahi/Mistral-7B-Instruct-v0.3-GGUF/Mistral-7B-Instruct-v0.3.Q3_K_M.gguf,llamacpp,cuda,mmlu,1140,1140,1,61.31578947368421,0.0090716438114853,32657.917721347312,0.0003684271063109,7393846.415164833,137544,8926,0.0615387588216547,0.0175048945170733,57.12687951502107,646.9440856703409,0.1985990118562129,3.658740502055491,q3_K_M,,,Mistral,Servidor
157,MaziyarPanahi/Mistral-7B-Instruct-v0.3-GGUF/Mistral-7B-Instruct-v0.3.Q3_K_M.gguf,llamacpp,cuda,resumen,100,100,1,23.058870504057897,0.015366459662929,55319.254786544734,0.0005628335838613,21396778.08084268,99795,16745,0.5949027585983276,0.0195459477756941,51.16149963541425,301.3026507292737,3.867871713638306,3.3036282344905783,q3_K_M,,,Mistral,Servidor
158,MaziyarPanahi/Mistral-7B-Instruct-v0.3-GGUF/Mistral-7B-Instruct-v0.3.Q2_K.gguf,llamacpp,cuda,humaneval,164,164,1,15.24390243902439,0.0243777391382775,87759.86089779928,0.0008696551726322,54536530.895816095,42094,38213,0.1113263528521468,0.0157844600707937,63.353449881400536,129.2295463857649,3.78920179605484,2.296596993112273,q2_K,,,Mistral,Servidor
159,MaziyarPanahi/Mistral-7B-Instruct-v0.3-GGUF/Mistral-7B-Instruct-v0.3.Q2_K.gguf,llamacpp,cuda,mmlu,1140,1140,1,56.75438596491228,0.0080682554590582,29045.71965260977,0.0003353522429136,5892301.338697018,137544,8702,0.0714146570155495,0.0139565932232877,71.650723353563,720.9102305101901,0.1779499852866457,3.3378211506101785,q2_K,,,Mistral,Servidor
160,MaziyarPanahi/Mistral-7B-Instruct-v0.3-GGUF/Mistral-7B-Instruct-v0.3.Q2_K.gguf,llamacpp,cuda,resumen,100,100,1,21.69030174749626,0.0142832947723705,51419.86118053384,0.0005094486858469,18690894.7866228,99795,18583,0.6795065808296203,0.0159040505294746,62.87706381130524,325.6655390937051,3.6349562907218935,2.7670376785521094,q2_K,,,Mistral,Servidor
161,MaziyarPanahi/Mistral-7B-Instruct-v0.3-GGUF/Mistral-7B-Instruct-v0.3.fp16.gguf,llamacpp,cuda,ifeval,150,150,1,42.66666666666667,0.2106434658619029,758316.4771028507,0.0124532254886105,5998788876.634712,8478,49050,7.916011266708374,0.1370696223158841,7.295562525848708,7.272206305624454,52.73777776400248,15.460070888947008,f16,,,Mistral,Servidor
162,MaziyarPanahi/Mistral-7B-Instruct-v0.3-GGUF/Mistral-7B-Instruct-v0.3.Q8_0.gguf,llamacpp,cuda,ifeval,150,150,1,41.333333333333336,0.0679416277770776,244589.85999747948,0.0028610377993272,499484561.2885327,8478,48626,0.5625782664616903,0.0402612669339562,24.837767813923467,27.962945099373844,13.614207372665405,5.030022210288313,q8_0,,,Mistral,Servidor
163,MaziyarPanahi/Mistral-7B-Instruct-v0.3-GGUF/Mistral-7B-Instruct-v0.3.Q6_K.gguf,llamacpp,cuda,ifeval,150,150,1,42.0,0.0476047195233206,171376.99028395434,0.0016745072849525,206298710.11991188,8478,47207,0.0448684867223103,0.025357279050357,39.43640790536321,46.258785129655045,8.025142300923665,3.630330041814865,q6_K,,,Mistral,Servidor
164,MaziyarPanahi/Mistral-7B-Instruct-v0.3-GGUF/Mistral-7B-Instruct-v0.3.Q5_K_M.gguf,llamacpp,cuda,ifeval,150,150,1,42.0,0.0439472586727638,158210.13122194994,0.0015521355496012,174821119.25688168,8478,49555,0.0394519774119059,0.0221789002911665,45.08789826690745,52.51887520358615,7.366621336936951,3.1926169149823416,q5_K_M,,,Mistral,Servidor
165,MaziyarPanahi/Mistral-7B-Instruct-v0.3-GGUF/Mistral-7B-Instruct-v0.3.Q4_K_M.gguf,llamacpp,cuda,ifeval,150,150,1,38.66666666666666,0.0373757767000738,134552.79612026594,0.0013109184411983,126647933.90547489,8478,48466,0.0376132265726725,0.0193044374903405,51.80156119546993,60.498218849673655,6.27500567595164,2.7762306796572016,q4_K_M,,,Mistral,Servidor
166,MaziyarPanahi/Mistral-7B-Instruct-v0.3-GGUF/Mistral-7B-Instruct-v0.3.Q3_K_M.gguf,llamacpp,cuda,ifeval,150,150,1,38.66666666666666,0.0355923416160373,128132.42981773456,0.001261607819227,115994111.3252133,8478,46703,0.0407032044728597,0.0192527657154706,51.940589460164986,60.95547031649634,6.035115985870362,2.74355886811842,q3_K_M,,,Mistral,Servidor
167,MaziyarPanahi/Mistral-7B-Instruct-v0.3-GGUF/Mistral-7B-Instruct-v0.3.Q2_K.gguf,llamacpp,cuda,ifeval,150,150,1,42.0,0.0289616889419588,104262.080191052,0.00102990103959,76930857.03361648,8478,46883,0.0469207302729288,0.0155882144944089,64.15102899428761,75.02910072787327,4.919069131215413,2.223878168868289,q2_K,,,Mistral,Servidor
168,Qwen/Qwen2.5-Coder-3B-Instruct-GGUF/qwen2.5-coder-3b-instruct-fp16.gguf,llamacpp,cuda,humaneval,164,164,1,72.5609756097561,0.0050761322793326,18274.076205597405,0.0008835008232178,5458225.51913697,51675,10555,0.0551488806561725,0.027441249939572,36.441488715058014,208.34532363809964,1.8212610337792368,1.731319394182606,f16,,,Qwen,Spark
169,Qwen/Qwen2.5-Coder-3B-Instruct-GGUF/qwen2.5-coder-3b-instruct-fp16.gguf,llamacpp,cuda,mmlu,1140,1140,1,57.36842105263158,0.0015402119053131,5544.762859127228,0.0002680738821197,483170.83310021326,170633,1140,0.0474824487117298,0.0289561790332459,34.53494326208761,1971.229398284722,0.0764386277449758,4.863827069409849,f16,,,Qwen,Spark
170,Qwen/Qwen2.5-Coder-3B-Instruct-GGUF/qwen2.5-coder-3b-instruct-fp16.gguf,llamacpp,cuda,resumen,100,100,1,26.108154685595064,0.0044438223679334,15997.76052456033,0.0007734472831388,4000222.934765909,93940,8289,0.2208466553688049,0.0275020227456412,36.36096185537807,408.8359792279884,2.5004893207550047,1.9299988568657656,f16,,,Qwen,Spark
171,Qwen/Qwen2.5-Coder-3B-Instruct-GGUF/qwen2.5-coder-3b-instruct-q8_0.gguf,llamacpp,cuda,humaneval,164,164,1,71.34146341463415,0.0032676918683521,11763.690726067693,0.0005687417696866,2160385.7826181767,51675,10753,0.046328777220191,0.0163722420519233,61.07898947673577,339.931733746624,1.119808769807583,1.0939915117704542,q8_0,,,Qwen,Spark
172,Qwen/Qwen2.5-Coder-3B-Instruct-GGUF/qwen2.5-coder-3b-instruct-q8_0.gguf,llamacpp,cuda,mmlu,1140,1140,1,57.45614035087719,0.0011585351116101,4170.726401796643,0.0002016430361757,259776.98071535988,170633,1140,0.0363518091670253,0.0182848470252856,54.69009385843498,2757.820128030516,0.054636656192311,3.658531931400564,q8_0,,,Qwen,Spark
173,Qwen/Qwen2.5-Coder-3B-Instruct-GGUF/qwen2.5-coder-3b-instruct-q8_0.gguf,llamacpp,cuda,resumen,100,100,1,26.23859330182826,0.0029756834448691,10712.460401528982,0.0005179177035794,1718534.2382772004,93940,8413,0.2265662145614624,0.0163755185621382,61.06676843273196,638.0160691921214,1.6042385911941528,1.2733222871186238,q8_0,,,Qwen,Spark
174,Qwen/Qwen2.5-Coder-3B-Instruct-GGUF/qwen2.5-coder-3b-instruct-q6_k.gguf,llamacpp,cuda,humaneval,164,164,1,71.34146341463415,0.0034416239039676,12389.846054283533,0.0005990146404855,2075843.5302348216,51675,11051,0.0455927209156315,0.0144843657775525,69.03995765902097,374.3853870879541,1.0216093441335166,1.121151574905758,q6_K,,,Qwen,Spark
175,Qwen/Qwen2.5-Coder-3B-Instruct-GGUF/qwen2.5-coder-3b-instruct-q6_k.gguf,llamacpp,cuda,mmlu,1140,1140,1,57.45614035087719,0.0012454626562407,4483.665562466834,0.0002167727753187,262571.5163288508,170633,1140,0.035151363673963,0.0162186344464619,61.65747204556697,2933.1920515591382,0.051369998120425,3.9330399670761698,q6_K,,,Qwen,Spark
176,Qwen/Qwen2.5-Coder-3B-Instruct-GGUF/qwen2.5-coder-3b-instruct-q6_k.gguf,llamacpp,cuda,resumen,100,100,1,26.17634550124812,0.0030804457354986,11089.60464779509,0.0005361515802635,1589934.648945557,93940,8319,0.2264760565757751,0.0145118427987367,68.9092359853188,713.2443351875837,1.4337162590026855,1.3330453958162147,q6_K,,,Qwen,Spark
177,Qwen/Qwen2.5-Coder-3B-Instruct-GGUF/qwen2.5-coder-3b-instruct-q5_k_m.gguf,llamacpp,cuda,humaneval,164,164,1,71.95121951219512,0.0028891321689078,10400.87580806829,0.0005028534539984,1483785.29842155,51675,10532,0.0402301302770288,0.0129189050745429,77.40594069156252,436.05182102881736,0.8698759122592646,0.9875499248070916,q5_K_M,,,Qwen,Spark
178,Qwen/Qwen2.5-Coder-3B-Instruct-GGUF/qwen2.5-coder-3b-instruct-q5_k_m.gguf,llamacpp,cuda,mmlu,1140,1140,1,57.36842105263158,0.0010842382663461,3903.257758845984,0.0001887116702575,203400.8692337634,170633,1140,0.0310984394006561,0.0146125605231837,68.43427600614135,3296.319713558807,0.0457109999238399,3.423910314777179,q5_K_M,,,Qwen,Spark
179,Qwen/Qwen2.5-Coder-3B-Instruct-GGUF/qwen2.5-coder-3b-instruct-q5_k_m.gguf,llamacpp,cuda,resumen,100,100,1,26.01778732524763,0.0028231445594917,10163.320414170345,0.0004913683105795,1367515.1886496863,93940,8847,0.2042098999023437,0.0129007559328196,77.51483751862854,763.9090403396864,1.3455397772789002,1.1487872063038709,q5_K_M,,,Qwen,Spark
180,Qwen/Qwen2.5-Coder-3B-Instruct-GGUF/qwen2.5-coder-3b-instruct-q4_k_m.gguf,llamacpp,cuda,humaneval,164,164,1,68.29268292682927,0.0023678426700762,8524.233612274602,0.0004121230167267,979051.7093460372,51675,9720,0.0377525105708982,0.011179391861943,89.45030394758814,534.5430865701368,0.7003359794616699,0.8769787666949179,q4_K_M,,,Qwen,Spark
181,Qwen/Qwen2.5-Coder-3B-Instruct-GGUF/qwen2.5-coder-3b-instruct-q4_k_m.gguf,llamacpp,cuda,mmlu,1140,1140,1,57.631578947368425,0.0010018407369235,3606.62665292477,0.0001743703802615,171951.37804842216,170633,1140,0.0290023423077767,0.0128191592400534,78.00823605307157,3602.885228860376,0.0418215015478301,3.163707590284886,q4_K_M,,,Qwen,Spark
182,Qwen/Qwen2.5-Coder-3B-Instruct-GGUF/qwen2.5-coder-3b-instruct-q4_k_m.gguf,llamacpp,cuda,resumen,100,100,1,26.21660818466944,0.002571592028534,9257.731302722485,0.0004475855925663,1117006.991877319,93940,8999,0.1987838983535766,0.0111988305330197,89.29503817845128,853.1563450371096,1.2065666580200196,1.0287511170932864,q4_K_M,,,Qwen,Spark
183,Qwen/Qwen2.5-Coder-3B-Instruct-GGUF/qwen2.5-coder-3b-instruct-q3_k_m.gguf,llamacpp,cuda,humaneval,164,164,1,47.5609756097561,0.0023674669458653,8522.881005115145,0.0004120576219278,904707.4446172894,51675,9712,0.0387125175173689,0.0102761092011186,97.31309588371673,578.3019686350937,0.647258691671418,0.8775618827342612,q3_K_M,,,Qwen,Spark
184,Qwen/Qwen2.5-Coder-3B-Instruct-GGUF/qwen2.5-coder-3b-instruct-q3_k_m.gguf,llamacpp,cuda,mmlu,1140,1140,1,55.52631578947368,0.001026391179923,3695.008247722864,0.0001786433848656,171884.82051668855,170633,1140,0.028914293280819,0.0118910712108277,84.09671275783988,3692.6044419057657,0.0408053644916467,3.2412353050200555,q3_K_M,,,Qwen,Spark
185,Qwen/Qwen2.5-Coder-3B-Instruct-GGUF/qwen2.5-coder-3b-instruct-q3_k_m.gguf,llamacpp,cuda,resumen,100,100,1,24.258692800129587,0.0030192951150425,10869.462414153026,0.0005255083147731,1432566.128845533,93940,10857,0.2059571814537048,0.0102423885266754,97.63347654656732,795.1375016341863,1.3179733037948609,1.001147869038687,q3_K_M,,,Qwen,Spark
186,Qwen/Qwen2.5-Coder-3B-Instruct-GGUF/qwen2.5-coder-3b-instruct-q2_k.gguf,llamacpp,cuda,humaneval,164,164,1,46.95121951219512,0.0019568678613099,7044.72430071595,0.000340592851261,586558.7372589541,51675,9010,0.0409242234578946,0.0084961770774257,117.69999505506948,728.8427689045072,0.5076959031384166,0.7818783907564872,q2_K,,,Qwen,Spark
187,Qwen/Qwen2.5-Coder-3B-Instruct-GGUF/qwen2.5-coder-3b-instruct-q2_k.gguf,llamacpp,cuda,mmlu,1140,1140,1,50.26315789473684,0.0011258007431079,4052.882675188643,0.0001959456193379,184250.21628262656,170633,1140,0.0298986411931221,0.0099798871759782,100.20153358116248,3778.4260437300936,0.0398785283691004,3.555160241393547,q2_K,,,Qwen,Spark
188,Qwen/Qwen2.5-Coder-3B-Instruct-GGUF/qwen2.5-coder-3b-instruct-q2_k.gguf,llamacpp,cuda,resumen,100,100,1,22.62387157587658,0.0029402110237545,10584.759685516496,0.0005117437286844,1270175.308542307,93940,11478,0.2266651225090027,0.0084800382881011,117.92399586251372,878.480465667635,1.2000039172172547,0.9221780524060372,q2_K,,,Qwen,Spark
189,bartowski/google_gemma-4-E2B-it-GGUF/google_gemma-4-E2B-it-bf16.gguf,llamacpp,cuda,humaneval,164,164,1,0.6097560975609756,0.0060922717732145,21932.17838357222,0.0010603599021279,7402097.398539586,54526,15912,0.0430581496983039,0.0207665836829045,48.154285522814085,208.7055462532628,2.057923268981096,1.3783420301390283,f16,,,Gemma,Spark
190,bartowski/google_gemma-4-E2B-it-GGUF/google_gemma-4-E2B-it-bf16.gguf,llamacpp,cuda,mmlu,1140,1140,1,58.6842105263158,0.0012459212559533,4485.316521431943,0.0002168525945986,299858.31194855965,173830,1141,0.0357314691208956,0.0228917157827606,43.68392520201929,2617.237161016568,0.0586432653560973,3.931039896084087,f16,,,Gemma,Spark
191,bartowski/google_gemma-4-E2B-it-GGUF/google_gemma-4-E2B-it-bf16.gguf,llamacpp,cuda,resumen,100,100,1,25.167978875015763,0.0034113443628367,12280.839706212288,0.0005937444863517,2231730.8891758085,94545,7824,0.1635635185241699,0.0211360256791358,47.3125844556073,563.3193885439873,1.8172461676597595,1.5696369767653742,f16,,,Gemma,Spark
192,bartowski/google_gemma-4-E2B-it-GGUF/google_gemma-4-E2B-it-Q8_0.gguf,llamacpp,cuda,humaneval,164,164,1,0.6097560975609756,0.0037771915212395,13597.889476462513,0.0006574201842717,2917180.3608989734,54526,15456,0.0356980315068872,0.0135013827008983,74.06648801485049,326.2079760637588,1.3081210255622864,0.8797806338290963,q8_0,,,Gemma,Spark
193,bartowski/google_gemma-4-E2B-it-GGUF/google_gemma-4-E2B-it-Q8_0.gguf,llamacpp,cuda,mmlu,1140,1140,1,58.42105263157895,0.0009156699644698,3296.411872091595,0.0001593723573159,165936.75525795302,173830,1140,0.0284469564755757,0.0157097092845983,63.6549016842972,3475.861537507211,0.0441566657601741,2.891589361483855,q8_0,,,Gemma,Spark
194,bartowski/google_gemma-4-E2B-it-GGUF/google_gemma-4-E2B-it-Q8_0.gguf,llamacpp,cuda,resumen,100,100,1,24.881976228500115,0.0023290484724614,8384.574500861228,0.0004053708866319,1039961.0783726803,94545,7869,0.1523594260215759,0.0138259902662751,72.32754983483788,825.7018755691154,1.240326600074768,1.0655196976567831,q8_0,,,Gemma,Spark
195,bartowski/google_gemma-4-E2B-it-GGUF/google_gemma-4-E2B-it-Q6_K.gguf,llamacpp,cuda,humaneval,164,164,1,1.2195121951219512,0.0035538172643632,12793.742151707582,0.0006185418948624,2282526.413937659,54526,14296,0.0367098581500169,0.0120585606327654,82.92863721087947,385.7527855924595,1.0878634118452304,0.8949176099403736,q6_K,,,Gemma,Spark
196,bartowski/google_gemma-4-E2B-it-GGUF/google_gemma-4-E2B-it-Q6_K.gguf,llamacpp,cuda,mmlu,1140,1140,1,58.59649122807018,0.0009703302251598,3493.188810575493,0.000168885975689,169390.50287691844,173830,1140,0.0283046881357828,0.0142318503898486,70.26493200865026,3608.249788540406,0.0425365385256315,3.064200711031134,q6_K,,,Gemma,Spark
197,bartowski/google_gemma-4-E2B-it-GGUF/google_gemma-4-E2B-it-Q6_K.gguf,llamacpp,cuda,resumen,100,100,1,24.843346776348262,0.0023834402208793,8580.384795165694,0.000414837770444,971466.8686898064,94545,7800,0.1650654411315918,0.0123990967946174,80.65103584271603,903.9520648250054,1.1321949911117557,1.1000493327135503,q6_K,,,Gemma,Spark
198,bartowski/google_gemma-4-E2B-it-GGUF/google_gemma-4-E2B-it-Q5_K_M.gguf,llamacpp,cuda,humaneval,164,164,1,0.6097560975609756,0.0032447628494732,11681.146258103863,0.0005647509739508,1932668.16013382,54526,14603,0.0338984248114795,0.010949297097581,91.330063572841,417.819249229288,1.0088532145430402,0.7999141449088449,q5_K_M,,,Gemma,Spark
199,bartowski/google_gemma-4-E2B-it-GGUF/google_gemma-4-E2B-it-Q5_K_M.gguf,llamacpp,cuda,mmlu,1140,1140,1,58.245614035087726,0.0008804912792635,3169.768605348725,0.0001532495071558,142354.600806453,173830,1140,0.0261540952481721,0.0132407226060566,75.52457896388349,3896.006238898641,0.0393948178542287,2.7804987766216884,q5_K_M,,,Gemma,Spark
200,bartowski/google_gemma-4-E2B-it-GGUF/google_gemma-4-E2B-it-Q5_K_M.gguf,llamacpp,cuda,resumen,100,100,1,24.874430782579577,0.0021012468209227,7564.488555321725,0.0003657220091815,782268.1023883017,94545,7791,0.1554140329360961,0.0112786310472807,88.6632425343051,989.583364621388,1.0341321778297423,0.970926524877644,q5_K_M,,,Gemma,Spark
201,bartowski/google_gemma-4-E2B-it-GGUF/google_gemma-4-E2B-it-Q4_K_M.gguf,llamacpp,cuda,humaneval,164,164,1,1.2195121951219512,0.0030450962663528,10962.346558870197,0.0005299990051587,1758511.733778515,54526,15420,0.0323381293110731,0.0100590371436182,99.413093492197,436.03478878083513,0.978132963180542,0.7109174162691437,q4_K_M,,,Gemma,Spark
202,bartowski/google_gemma-4-E2B-it-GGUF/google_gemma-4-E2B-it-Q4_K_M.gguf,llamacpp,cuda,mmlu,1140,1140,1,58.59649122807018,0.0008240744680989,2966.668085156241,0.0001434301611726,125319.61895432566,173830,1142,0.0247806137068229,0.0122527568853882,81.61428561375652,4142.079688138411,0.0370548666569224,2.5977829116954823,q4_K_M,,,Gemma,Spark
203,bartowski/google_gemma-4-E2B-it-GGUF/google_gemma-4-E2B-it-Q4_K_M.gguf,llamacpp,cuda,resumen,100,100,1,24.746082996641263,0.0019551544221427,7038.555919713832,0.0003402946271739,680251.8877700092,94545,7849,0.1517830896377563,0.010379437413667,96.34433545340907,1059.46915811698,0.9664651322364808,0.896745562455578,q4_K_M,,,Gemma,Spark
204,bartowski/google_gemma-4-E2B-it-GGUF/google_gemma-4-E2B-it-Q3_K_M.gguf,llamacpp,cuda,humaneval,164,164,1,36.58536585365854,0.0034841206054104,12542.834179477552,0.0006064111913716,2170567.131333734,54526,17653,0.0334052734258698,0.009492658538291,105.34456664234172,417.0934016144521,1.0551973537700932,0.710521394634201,q3_K_M,,,Gemma,Spark
205,bartowski/google_gemma-4-E2B-it-GGUF/google_gemma-4-E2B-it-Q3_K_M.gguf,llamacpp,cuda,mmlu,1140,1140,1,55.35087719298246,0.0008404038067912,3025.4537044486,0.000146272282572,126779.18994476087,173830,1144,0.025077365992362,0.0116398547079179,85.91172528294136,4175.572794816281,0.0367580622957463,2.6446273640284965,q3_K_M,,,Gemma,Spark
206,bartowski/google_gemma-4-E2B-it-GGUF/google_gemma-4-E2B-it-Q3_K_M.gguf,llamacpp,cuda,resumen,100,100,1,22.961681404309346,0.0020024062733926,7208.662584213459,0.0003485188118839,679021.0544065837,94545,8049,0.1548598170280456,0.0097787512031485,102.26254653845946,1089.1643556047368,0.9419515013694764,0.8955972896277127,q3_K_M,,,Gemma,Spark
207,bartowski/google_gemma-4-E2B-it-GGUF/google_gemma-4-E2B-it-Q2_K.gguf,llamacpp,cuda,humaneval,164,164,1,35.36585365853659,0.0052751206335819,18990.43428089493,0.0009181347462749,4777453.560189377,54526,29633,0.0348635228668771,0.0082966274903458,120.53090260634563,334.533018167629,1.5339730498267383,0.6408542598081507,q2_K,,,Gemma,Spark
208,bartowski/google_gemma-4-E2B-it-GGUF/google_gemma-4-E2B-it-Q2_K.gguf,llamacpp,cuda,mmlu,1140,1140,1,42.63157894736842,0.0008517671461098,3066.361725995463,0.0001482500717804,125173.8056027196,173830,1158,0.0253697876344647,0.0102763787452421,97.31054341131534,4286.65169301872,0.0358084249914738,2.6479807651083447,q2_K,,,Gemma,Spark
209,bartowski/google_gemma-4-E2B-it-GGUF/google_gemma-4-E2B-it-Q2_K.gguf,llamacpp,cuda,resumen,100,100,1,24.2645286320104,0.0021049964580774,7577.9872490789,0.0003663746335283,721043.3248132066,94545,9136,0.1675749969482421,0.0085805839550683,116.54218468538248,1089.6617012234196,0.9514971470832824,0.8294644537082859,q2_K,,,Gemma,Spark
210,MaziyarPanahi/Mistral-7B-Instruct-v0.3-GGUF/Mistral-7B-Instruct-v0.3.fp16.gguf,llamacpp,cuda,humaneval,164,164,1,4.2682926829268295,0.0328926159843477,118413.41754365184,0.0057249598120757,244637566.32206187,42094,32874,0.1033968809174328,0.0623290275087058,16.043889018809473,36.28721957904765,12.597326456046686,3.6020386184721005,f16,,,Mistral,Spark
211,MaziyarPanahi/Mistral-7B-Instruct-v0.3-GGUF/Mistral-7B-Instruct-v0.3.fp16.gguf,llamacpp,cuda,mmlu,1140,1140,1,62.28070175438597,0.010378910613679,37364.07820924474,0.0018064493923108,23619902.7562292,137544,8994,0.0927294549189115,0.058532776661865,17.084444938890368,231.80693625770053,0.5545222560564677,4.154333801339197,f16,,,Mistral,Spark
212,MaziyarPanahi/Mistral-7B-Instruct-v0.3-GGUF/Mistral-7B-Instruct-v0.3.fp16.gguf,llamacpp,cuda,resumen,100,100,1,22.966164865194088,0.0174610562978133,62859.80267212802,0.0030390968486344,66987489.42410145,99795,16329,0.4560336756706238,0.0624693243668123,16.00785681830207,108.96858186883912,10.656649651527404,3.8495806645923216,f16,,,Mistral,Spark
213,MaziyarPanahi/Mistral-7B-Instruct-v0.3-GGUF/Mistral-7B-Instruct-v0.3.Q8_0.gguf,llamacpp,cuda,humaneval,164,164,1,3.658536585365853,0.0209697424584829,75491.07285053872,0.0036497836748989,91574026.40930676,42094,32829,0.0967337518203549,0.0364671512258532,27.42193909819459,61.76443117069368,7.396612456658992,2.2995239833847734,q8_0,,,Mistral,Spark
214,MaziyarPanahi/Mistral-7B-Instruct-v0.3-GGUF/Mistral-7B-Instruct-v0.3.Q8_0.gguf,llamacpp,cuda,mmlu,1140,1140,1,62.36842105263158,0.0070348724033569,25325.540652085,0.0012244195418042,9911186.92857758,137544,8998,0.0713001295139915,0.0344598018797166,29.01931948101564,374.4511535280333,0.3432907411926671,2.8145744223255167,q8_0,,,Mistral,Spark
215,MaziyarPanahi/Mistral-7B-Instruct-v0.3-GGUF/Mistral-7B-Instruct-v0.3.Q8_0.gguf,llamacpp,cuda,resumen,100,100,1,22.84312896822541,0.0115790217638694,41684.47834992996,0.0020153287380014,26993769.00341433,99795,16044,0.5820190000534058,0.0367347127301709,27.222208251507062,178.8815888202487,6.475736310482025,2.598135025550359,q8_0,,,Mistral,Spark
216,MaziyarPanahi/Mistral-7B-Instruct-v0.3-GGUF/Mistral-7B-Instruct-v0.3.Q6_K.gguf,llamacpp,cuda,humaneval,164,164,1,1.829268292682927,0.0205963572985143,74146.88627465161,0.0035847959878064,76091853.43283272,42094,31704,0.0941285723593176,0.0318822289412592,31.36543564260921,71.91166552575632,6.257507757442753,2.338723387416465,q6_K,,,Mistral,Spark
217,MaziyarPanahi/Mistral-7B-Instruct-v0.3-GGUF/Mistral-7B-Instruct-v0.3.Q6_K.gguf,llamacpp,cuda,mmlu,1140,1140,1,62.36842105263158,0.0072326311452698,26037.47212297138,0.0012588394508342,9002723.5558503,137544,9000,0.0655027213849519,0.0301207971043056,33.1996526033852,423.8312207542104,0.3032984879978916,2.893052458107931,q6_K,,,Mistral,Spark
218,MaziyarPanahi/Mistral-7B-Instruct-v0.3-GGUF/Mistral-7B-Instruct-v0.3.Q6_K.gguf,llamacpp,cuda,resumen,100,100,1,22.77212740192257,0.0119498653477259,43019.51525181337,0.0020798740637716,24917355.5542416,99795,16432,0.5350970721244812,0.0319925028660281,31.25732313559844,200.66452028940824,5.792105143070221,2.6180328171746208,q6_K,,,Mistral,Spark
219,MaziyarPanahi/Mistral-7B-Instruct-v0.3-GGUF/Mistral-7B-Instruct-v0.3.Q5_K_M.gguf,llamacpp,cuda,humaneval,164,164,1,4.2682926829268295,0.019295077537116,69462.27913361767,0.003358308245335,67824443.73755078,42094,34681,0.0735360732892664,0.0278066177378613,35.96266217729908,78.6289748445208,5.953787962111031,2.002891471803514,q5_K_M,,,Mistral,Spark
220,MaziyarPanahi/Mistral-7B-Instruct-v0.3-GGUF/Mistral-7B-Instruct-v0.3.Q5_K_M.gguf,llamacpp,cuda,mmlu,1140,1140,1,63.24561403508772,0.0061401655927078,22104.59613374833,0.0010686958214108,6625407.342639523,137544,9018,0.0554051687842921,0.0262328631916498,38.12012408612369,488.9803224179946,0.2629209234003435,2.4511639092646185,q5_K_M,,,Mistral,Spark
221,MaziyarPanahi/Mistral-7B-Instruct-v0.3-GGUF/Mistral-7B-Instruct-v0.3.Q5_K_M.gguf,llamacpp,cuda,resumen,100,100,1,22.18500906668752,0.010422147604635,37519.73137668607,0.0018139747905867,19465817.80125062,99795,16892,0.4712575244903564,0.0279238537225626,35.81167592179424,224.9104013944942,5.188154895305633,2.2211538821149697,q5_K_M,,,Mistral,Spark
222,MaziyarPanahi/Mistral-7B-Instruct-v0.3-GGUF/Mistral-7B-Instruct-v0.3.Q4_K_M.gguf,llamacpp,cuda,humaneval,164,164,1,3.048780487804878,0.015351727858097,55266.22028914924,0.0026719682337017,41858422.53095772,42094,32066,0.0672794856676241,0.0232758159862887,42.963048023282006,97.91441360725194,4.618269213816014,1.723514635101018,q4_K_M,,,Mistral,Spark
223,MaziyarPanahi/Mistral-7B-Instruct-v0.3-GGUF/Mistral-7B-Instruct-v0.3.Q4_K_M.gguf,llamacpp,cuda,mmlu,1140,1140,1,62.28070175438597,0.005343861726929,19237.902216944647,0.000930099133572,4878825.352944401,137544,8955,0.0497206614728559,0.0219903180746976,45.47455823981984,577.666391599628,0.2224603968754149,2.1482861213785203,q4_K_M,,,Mistral,Spark
224,MaziyarPanahi/Mistral-7B-Instruct-v0.3-GGUF/Mistral-7B-Instruct-v0.3.Q4_K_M.gguf,llamacpp,cuda,resumen,100,100,1,22.961042058988635,0.0087618189656489,31542.54827633608,0.0015249945909711,13545112.76764476,99795,16478,0.4346560740470886,0.0234226200646864,42.69377197078258,270.7653142980914,4.294235408306122,1.9142218883563584,q4_K_M,,,Mistral,Spark
225,MaziyarPanahi/Mistral-7B-Instruct-v0.3-GGUF/Mistral-7B-Instruct-v0.3.Q3_K_M.gguf,llamacpp,cuda,humaneval,164,164,1,1.2195121951219512,0.0148356471988796,53408.32991596666,0.0025821443949649,36137806.452947445,42094,31911,0.0685524068227628,0.0208514244403787,47.9583542534151,109.3725337363066,4.125807317291818,1.673665191186947,q3_K_M,,,Mistral,Spark
226,MaziyarPanahi/Mistral-7B-Instruct-v0.3-GGUF/Mistral-7B-Instruct-v0.3.Q3_K_M.gguf,llamacpp,cuda,mmlu,1140,1140,1,61.140350877192986,0.0053249546244842,19169.836648143133,0.0009268083523914,4437075.245391562,137544,8915,0.0492998942994234,0.0196589362935543,50.86745208731725,632.7580557860546,0.2030362250512106,2.150290145613363,q3_K_M,,,Mistral,Spark
227,MaziyarPanahi/Mistral-7B-Instruct-v0.3-GGUF/Mistral-7B-Instruct-v0.3.Q3_K_M.gguf,llamacpp,cuda,resumen,100,100,1,22.84070953800376,0.0089710725921,32295.86133156004,0.001561415184655,12813804.985844694,99795,16785,0.4441706919670105,0.0209917186518883,47.63783359444203,293.8277520371576,3.9676306676864623,1.9240906363753367,q3_K_M,,,Mistral,Spark
228,MaziyarPanahi/Mistral-7B-Instruct-v0.3-GGUF/Mistral-7B-Instruct-v0.3.Q2_K.gguf,llamacpp,cuda,humaneval,164,164,1,15.24390243902439,0.0150881076108717,54317.18739913839,0.0026260851296722,34373661.61513133,42094,38202,0.0745294820971605,0.0162454661783276,61.5556358323564,126.88356940947187,3.8587325244415096,1.421841458539825,q2_K,,,Mistral,Spark
229,MaziyarPanahi/Mistral-7B-Instruct-v0.3-GGUF/Mistral-7B-Instruct-v0.3.Q2_K.gguf,llamacpp,cuda,mmlu,1140,1140,1,56.84210526315789,0.0048321969351492,17395.908966537172,0.0008410438765627,3371996.108434268,137544,8727,0.052210139391715,0.0153911877596407,64.97224357318505,754.6025910527709,0.1700337320043329,1.9933435277342928,q2_K,,,Mistral,Spark
230,MaziyarPanahi/Mistral-7B-Instruct-v0.3-GGUF/Mistral-7B-Instruct-v0.3.Q2_K.gguf,llamacpp,cuda,resumen,100,100,1,21.730030638911924,0.0085930797286885,30935.08702327872,0.0014956255267782,10855356.0492666,99795,18413,0.4872195720672607,0.0164115357320001,60.9327497639445,336.86364134456807,3.509075646400452,1.680067725154984,q2_K,,,Mistral,Spark
231,Qwen/Qwen2.5-Coder-3B-Instruct-GGUF/qwen2.5-coder-3b-instruct-fp16.gguf,llamacpp,cuda,ifeval,150,150,1,48.66666666666667,0.016269762265598,58571.14415615315,0.0028317521223273,56139292.93017194,11326,34507,0.0424054527282714,0.0275920702843366,36.24229677929152,47.81840151510339,6.389869248072307,1.6973699294680251,f16,,,Qwen,Spark
232,Qwen/Qwen2.5-Coder-3B-Instruct-GGUF/qwen2.5-coder-3b-instruct-q8_0.gguf,llamacpp,cuda,ifeval,150,150,1,45.33333333333333,0.0103172934686512,37142.25648714443,0.0017957249282187,22057123.458309945,11326,34559,0.0305861870447794,0.0170510520282148,58.64740769925953,77.2663054696982,3.959034900665283,1.0747491677173653,q8_0,,,Qwen,Spark
233,Qwen/Qwen2.5-Coder-3B-Instruct-GGUF/qwen2.5-coder-3b-instruct-q6_k.gguf,llamacpp,cuda,ifeval,150,150,1,46.0,0.0103620441217587,37303.35883833158,0.0018035137793921,19036438.611676145,11326,33743,0.0287236436208089,0.014995874240926,66.68500841857217,88.31615586192544,3.4020955403645834,1.105513998113137,q6_K,,,Qwen,Spark
234,Qwen/Qwen2.5-Coder-3B-Instruct-GGUF/qwen2.5-coder-3b-instruct-q5_k_m.gguf,llamacpp,cuda,ifeval,150,150,1,47.333333333333336,0.0089862229426508,32350.40259354303,0.0015640521031683,15134051.51162714,11326,34500,0.0257442394892374,0.0134479665341584,74.36068475185104,97.9572157602834,3.1187765423456826,0.9376928287983488,q5_K_M,,,Qwen,Spark
235,Qwen/Qwen2.5-Coder-3B-Instruct-GGUF/qwen2.5-coder-3b-instruct-q4_k_m.gguf,llamacpp,cuda,ifeval,150,150,1,46.66666666666666,0.0081883749618472,29478.14986265002,0.0014251866621095,12019001.217290783,11326,34811,0.023709069887797,0.0116103934096555,86.12972573077217,113.15694005060186,2.7181717697779337,0.8468056034773497,q4_K_M,,,Qwen,Spark
236,Qwen/Qwen2.5-Coder-3B-Instruct-GGUF/qwen2.5-coder-3b-instruct-q3_k_m.gguf,llamacpp,cuda,ifeval,150,150,1,46.0,0.0083283380238193,29982.0168857498,0.0014495472330457,11536122.907130662,11326,36007,0.0229419978459676,0.0105903511771485,94.42557506098235,123.0169630366891,2.565120496749878,0.8326718939581137,q3_K_M,,,Qwen,Spark
237,Qwen/Qwen2.5-Coder-3B-Instruct-GGUF/qwen2.5-coder-3b-instruct-q2_k.gguf,llamacpp,cuda,ifeval,150,150,1,40.0,0.0072424114186972,26072.68110731027,0.0012605417074242,8221873.530758914,11326,35592,0.0227818123499552,0.0087639669282539,114.10357982708946,148.78337006965242,2.10229588508606,0.7325432992613584,q2_K,,,Qwen,Spark
238,bartowski/google_gemma-4-E2B-it-GGUF/google_gemma-4-E2B-it-bf16.gguf,llamacpp,cuda,ifeval,150,150,1,75.33333333333333,0.0168955785317378,60824.08271425621,0.0029406754434489,57960088.03965835,11946,44868,0.032006762822469,0.0211311505048513,47.32349995663598,59.62136277231441,6.352756501833598,1.3556227760153383,f16,,,Gemma,Spark
239,bartowski/google_gemma-4-E2B-it-GGUF/google_gemma-4-E2B-it-Q8_0.gguf,llamacpp,cuda,ifeval,150,150,1,75.33333333333333,0.0107251485114604,38610.53464125773,0.0018667120984196,23647628.16902771,11946,44913,0.0242670822143554,0.0135556662607943,73.76988934082831,92.83621906921826,4.083104674021403,0.8596739171566746,q8_0,,,Gemma,Spark
240,bartowski/google_gemma-4-E2B-it-GGUF/google_gemma-4-E2B-it-Q6_K.gguf,llamacpp,cuda,ifeval,150,150,1,72.0,0.0108852441585936,39186.878970937134,0.0018945767458032,21809423.54672344,11946,44458,0.0235813124974568,0.0124389746930361,80.3924780520571,101.3459487703335,3.710327558517456,0.8814359388847257,q6_K,,,Gemma,Spark
241,bartowski/google_gemma-4-E2B-it-GGUF/google_gemma-4-E2B-it-Q5_K_M.gguf,llamacpp,cuda,ifeval,150,150,1,75.33333333333333,0.0095386674730701,34339.20290305268,0.0016602050736878,17485367.555536114,11946,44880,0.0216539080937703,0.0112733380732901,88.7048710416386,111.59957249803672,3.394636659622192,0.7651337545243466,q5_K_M,,,Gemma,Spark
242,bartowski/google_gemma-4-E2B-it-GGUF/google_gemma-4-E2B-it-Q4_K_M.gguf,llamacpp,cuda,ifeval,150,150,1,72.66666666666667,0.0082162020629152,29578.327426494936,0.0014300299690504,13030452.872125125,11946,42403,0.0202461115519205,0.0103177520780831,96.92033617712052,123.36889078824466,2.9369370539983115,0.6975527068012861,q4_K_M,,,Gemma,Spark
243,bartowski/google_gemma-4-E2B-it-GGUF/google_gemma-4-E2B-it-Q3_K_M.gguf,llamacpp,cuda,ifeval,150,150,1,70.0,0.0073583441966264,26490.039107855333,0.0012807198074228,9880325.358780311,11946,38314,0.0199957259496053,0.0096566086865332,103.5560239066704,134.75157114918775,2.486551094055176,0.6913932011237494,q3_K_M,,,Gemma,Spark
244,bartowski/google_gemma-4-E2B-it-GGUF/google_gemma-4-E2B-it-Q2_K.gguf,llamacpp,cuda,ifeval,150,150,1,58.66666666666666,0.007332619519658,26397.4302707691,0.0012762424273964,9434139.34192144,11946,42155,0.0195479011535644,0.0084084062471096,118.92860199799952,151.37866034401966,2.382590336799621,0.6261992710418479,q2_K,,,Gemma,Spark
245,MaziyarPanahi/Mistral-7B-Instruct-v0.3-GGUF/Mistral-7B-Instruct-v0.3.fp16.gguf,llamacpp,cuda,ifeval,150,150,1,40.0,0.0483170612013043,173941.42032469553,0.008409584502087,530490716.20623136,8478,48524,0.084483855565389,0.0625907058285798,15.97681295907971,18.690258921503496,20.33215991973877,3.5846471915896365,f16,,,Mistral,Spark
246,MaziyarPanahi/Mistral-7B-Instruct-v0.3-GGUF/Mistral-7B-Instruct-v0.3.Q8_0.gguf,llamacpp,cuda,ifeval,150,150,1,41.333333333333336,0.0308319957360228,110995.1846496821,0.0053663088578547,200500432.7781712,8478,48672,0.0547302548090616,0.0369448354473872,27.067382704250743,31.637711274905264,12.042590460777284,2.280473057398136,q8_0,,,Mistral,Spark
247,MaziyarPanahi/Mistral-7B-Instruct-v0.3-GGUF/Mistral-7B-Instruct-v0.3.Q6_K.gguf,llamacpp,cuda,ifeval,150,150,1,44.66666666666666,0.0314124786389403,113084.92310018532,0.0054673419071075,178133937.8547024,8478,48492,0.049958922068278,0.0323296391431976,30.93136906263324,36.16631477754922,10.50148466428121,2.332032564138112,q6_K,,,Mistral,Spark
248,MaziyarPanahi/Mistral-7B-Instruct-v0.3-GGUF/Mistral-7B-Instruct-v0.3.Q5_K_M.gguf,llamacpp,cuda,ifeval,150,150,1,42.0,0.0268532165091744,96671.57943302796,0.0046738023334218,133977299.1579112,8478,48868,0.0429595979054768,0.0282282411120298,35.42551574613825,41.3781172557625,9.239344175656637,1.9782184544697543,q5_K_M,,,Mistral,Spark
249,MaziyarPanahi/Mistral-7B-Instruct-v0.3-GGUF/Mistral-7B-Instruct-v0.3.Q4_K_M.gguf,llamacpp,cuda,ifeval,150,150,1,42.0,0.0223172530434421,80342.11095639174,0.0038843178922111,89362631.63238633,8478,47595,0.0376472886403401,0.0232509565699036,43.00898317854212,50.41283034490524,7.415175808270773,1.6880367886625012,q4_K_M,,,Mistral,Spark
250,MaziyarPanahi/Mistral-7B-Instruct-v0.3-GGUF/Mistral-7B-Instruct-v0.3.Q3_K_M.gguf,llamacpp,cuda,ifeval,150,150,1,41.333333333333336,0.0210894993283299,75922.19758198781,0.0036706273580958,74236498.49006404,8478,46477,0.0359959967931111,0.0209221253463922,47.79629141130425,56.20287126926616,6.518646794954936,1.6335434210897393,q3_K_M,,,Mistral,Spark
251,MaziyarPanahi/Mistral-7B-Instruct-v0.3-GGUF/Mistral-7B-Instruct-v0.3.Q2_K.gguf,llamacpp,cuda,ifeval,150,150,1,41.333333333333336,0.0178878432556356,64396.2357202882,0.0031133791186433,48611295.53416697,8478,47057,0.0349869728088378,0.0159302518105165,62.77364676306216,73.5681884514393,5.032519369125367,1.368473037386323,q2_K,,,Mistral,Spark
